level_1,level_2,exposure,observed,expected,ae,ae_z,factor_1,factor_2
18-20,50,125.88106594805001,14,7.23390168864219,1.935331803303483,2.515660337742548,DrivAge_band,BonusMalus_band
18-20,51-55,6.282739726027398,1,0.5697321227856224,1.7552108438447274,0.5700376887806188,DrivAge_band,BonusMalus_band
18-20,56-60,5.04,0,0.5105748635252463,0.0,-0.7145452144722867,DrivAge_band,BonusMalus_band
18-20,61-65,11.12,5,1.755556030375594,2.8481004955052733,2.4486850569033907,DrivAge_band,BonusMalus_band
18-20,66-70,3.995464480874317,0,0.47476059530370374,0.0,-0.6890287332932523,DrivAge_band,BonusMalus_band
18-20,71-75,4.26,1,0.7540804062552113,1.3261185302055967,0.28319416742017817,DrivAge_band,BonusMalus_band
18-20,76-80,35.43093644733887,1,4.705134908503666,0.212533757149595,-1.7081184577344926,DrivAge_band,BonusMalus_band
18-20,81-90,466.52831873643237,41,69.4620677636693,0.5902502087829324,-3.4150148350731255,DrivAge_band,BonusMalus_band
18-20,91-99,587.4658080694663,92,112.76189128087776,0.8158784759191196,-1.9551754564326849,DrivAge_band,BonusMalus_band
18-20,100-110,652.5836634478628,223,187.82756893936198,1.1872591508224921,2.5663903780948294,DrivAge_band,BonusMalus_band
18-20,111+,163.15093644733886,91,82.54978537511116,1.1023650708053396,0.9300574274726605,DrivAge_band,BonusMalus_band
21-22,50,133.3,11,6.361445864699258,1.7291666444952185,1.8390973204663918,DrivAge_band,BonusMalus_band
21-22,51-55,13.62,2,0.9272207925455853,2.156983553517188,1.114086127541296,DrivAge_band,BonusMalus_band
21-22,56-60,13.83,0,1.1632099742028903,0.0,-1.0785221250409702,DrivAge_band,BonusMalus_band
21-22,61-65,11.42,6,1.587357258548246,3.779867429142849,3.5023651770489814,DrivAge_band,BonusMalus_band
21-22,66-70,34.46,3,3.332243121546858,0.900294453487347,-0.1820068185780391,DrivAge_band,BonusMalus_band
21-22,71-75,47.46546448087432,2,5.466490353296367,0.3658654585924538,-1.482639966573569,DrivAge_band,BonusMalus_band
21-22,76-80,434.7974668762632,21,48.39590379194883,0.4339210212971283,-3.9380509442093974,DrivAge_band,BonusMalus_band
21-22,81-90,1119.439842802605,86,135.12334887976206,0.6364555105611399,-4.225934546111676,DrivAge_band,BonusMalus_band
21-22,91-99,563.6149636948874,103,86.13437977700096,1.1958059054545185,1.817247379642179,DrivAge_band,BonusMalus_band
21-22,100-110,592.4461067445168,174,135.80003779446594,1.2812956669669702,3.2780304828843128,DrivAge_band,BonusMalus_band
21-22,111+,285.66927015495173,126,109.66346898016522,1.1489696721411353,1.5600152787547545,DrivAge_band,BonusMalus_band
23-24,50,150.37095890410959,14,6.268862857265125,2.233259893981424,3.087798790887298,DrivAge_band,BonusMalus_band
23-24,51-55,16.47,0,0.9842928985681825,0.0,-0.992115365553917,DrivAge_band,BonusMalus_band
23-24,56-60,45.02,2,3.535647097816228,0.5656673148276842,-0.8166894926908245,DrivAge_band,BonusMalus_band
23-24,61-65,79.08273224043715,4,10.07338377007833,0.3970860329854083,-1.9135641881107524,DrivAge_band,BonusMalus_band
23-24,66-70,170.0491631110113,8,14.90972155634537,0.5365626695151333,-1.7894755970580982,DrivAge_band,BonusMalus_band
23-24,71-75,364.8939276891983,20,36.423092514219114,0.5491021936754067,-2.7212380248201824,DrivAge_band,BonusMalus_band
23-24,76-80,1246.1414866382215,104,122.7743468029844,0.8470824949033405,-1.694380793367246,DrivAge_band,BonusMalus_band
23-24,81-90,1146.2772348229657,117,121.70809538375651,0.9613164977324519,-0.4267617818565508,DrivAge_band,BonusMalus_band
23-24,91-99,583.3522389400405,91,78.91812523958123,1.1530937883248034,1.3600220502397509,DrivAge_band,BonusMalus_band
23-24,100-110,601.698868927315,141,123.24760803333787,1.1440384300347655,1.5990705638713367,DrivAge_band,BonusMalus_band
23-24,111+,274.95475709259676,113,95.02599771138539,1.1891482617546996,1.8438414491670503,DrivAge_band,BonusMalus_band
25-26,50,161.92735983232276,9,5.775475104726791,1.5583133572221926,1.3417508411499224,DrivAge_band,BonusMalus_band
25-26,51-55,68.70367617336628,3,3.607625067797753,0.8315720019739543,-0.31990791443728894,DrivAge_band,BonusMalus_band
25-26,56-60,327.59641589939366,10,21.479384044363538,0.46556269860187754,-2.476895441955981,DrivAge_band,BonusMalus_band
25-26,61-65,478.785549068044,32,50.91868820003833,0.6284529537423533,-2.651260590699005,DrivAge_band,BonusMalus_band
25-26,66-70,719.2466299872744,42,55.19966604821063,0.7608741683929351,-1.7766207025456804,DrivAge_band,BonusMalus_band
25-26,71-75,863.8077034209148,66,74.90054782613873,0.8811684549117192,-1.02842882607996,DrivAge_band,BonusMalus_band
25-26,76-80,1383.7337951942511,122,118.37644851482304,1.03061040883249,0.33304412978889725,DrivAge_band,BonusMalus_band
25-26,81-90,1216.1288913840856,133,111.56348783268437,1.1921463068586087,2.0295188210212114,DrivAge_band,BonusMalus_band
25-26,91-99,572.3793000973127,84,66.84621587302874,1.2566156349007709,2.098077502070287,DrivAge_band,BonusMalus_band
25-26,100-110,573.2296137435437,114,101.32683642756572,1.1250721331016171,1.2589915016194764,DrivAge_band,BonusMalus_band
25-26,111+,193.27376076053596,54,59.476112496305134,0.907927531466598,-0.7100698525507362,DrivAge_band,BonusMalus_band
27-29,50,684.4419724530279,26,21.547065519124295,1.2066608316999576,0.9592951283745748,DrivAge_band,BonusMalus_band
27-29,51-55,1109.5684257803728,34,52.431039525120106,0.6484708353667171,-2.5453974007192843,DrivAge_band,BonusMalus_band
27-29,56-60,2379.496168874916,97,138.67551159731016,0.6994746143909771,-3.539003983218293,DrivAge_band,BonusMalus_band
27-29,61-65,1522.6756261696235,103,144.11122265850148,0.7147257382173337,-3.424612926286245,DrivAge_band,BonusMalus_band
27-29,66-70,1339.5326124709934,92,92.41080400370139,0.9955545890101234,-0.04273397515723818,DrivAge_band,BonusMalus_band
27-29,71-75,1351.8787843401453,120,106.28209019334592,1.1290707567163836,1.3306318045620056,DrivAge_band,BonusMalus_band
27-29,76-80,2187.3273770491805,176,169.83856581233343,1.0362781807429695,0.4727849649640733,DrivAge_band,BonusMalus_band
27-29,81-90,1797.5983232277865,186,148.26628366464345,1.2544996434975377,3.0989058319325316,DrivAge_band,BonusMalus_band
27-29,91-99,705.2224208398832,100,74.41272485370251,1.3438561777787708,2.966200032293775,DrivAge_band,BonusMalus_band
27-29,100-110,675.469060558425,120,106.30897789666275,1.1287851917515899,1.3278557552887826,DrivAge_band,BonusMalus_band
27-29,111+,246.22831125084213,67,66.95025785829537,1.000742971622453,0.0060792269020472885,DrivAge_band,BonusMalus_band
30-34,50,7872.049219252938,296,273.23575258374876,1.083313575185494,1.3771604258963583,DrivAge_band,BonusMalus_band
30-34,51-55,5093.881969458792,253,257.58163935764946,0.9822128651363699,-0.28547195510422213,DrivAge_band,BonusMalus_band
30-34,56-60,4838.251450707388,284,309.8827963971395,0.916475529787176,-1.4703220248290731,DrivAge_band,BonusMalus_band
30-34,61-65,2594.0828288045514,230,272.18841268841425,0.8450029070976319,-2.5571627482171695,DrivAge_band,BonusMalus_band
30-34,66-70,2069.36454749607,153,156.79365584586523,0.9758047873467881,-0.3029658560363028,DrivAge_band,BonusMalus_band
30-34,71-75,1932.7712074257056,163,168.7307777245639,0.9660359668707341,-0.44118060303411716,DrivAge_band,BonusMalus_band
30-34,76-80,2568.711451455947,225,217.62703489842463,1.0338789025224584,0.4997879210002574,DrivAge_band,BonusMalus_band
30-34,81-90,2093.422761434239,233,189.2173095206017,1.2313883998790889,3.1828928182440244,DrivAge_band,BonusMalus_band
30-34,91-99,822.8706100756044,83,94.95385449763582,0.8741088019977804,-1.226737569104164,DrivAge_band,BonusMalus_band
30-34,100-110,845.7682386406168,152,144.8598338409192,1.0492901722289831,0.5932453284473882,DrivAge_band,BonusMalus_band
30-34,111+,252.29463507747585,87,73.71700587498243,1.1801890075072279,1.5470777382249585,DrivAge_band,BonusMalus_band
35-44,50,43155.43679017891,2107,1990.12755414017,1.0587261080912598,2.6198213466674147,DrivAge_band,BonusMalus_band
35-44,51-55,6530.019687850887,436,452.6933991212051,0.9631242709665939,-0.7845898690653986,DrivAge_band,BonusMalus_band
35-44,56-60,5689.156353020436,504,495.01991857269036,1.01814084866161,0.4036165236233004,DrivAge_band,BonusMalus_band
35-44,61-65,3279.8504603638,430,468.68726720030975,0.9174561164603274,-1.787007912195847,DrivAge_band,BonusMalus_band
35-44,66-70,2353.4309334531026,224,241.31911459701843,0.928231484580325,-1.114884363066966,DrivAge_band,BonusMalus_band
35-44,71-75,1903.4000022456771,237,224.80291177016704,1.0542568071462657,0.813495583166888,DrivAge_band,BonusMalus_band
35-44,76-80,2618.3659473014445,324,304.00810467452567,1.0657610603733012,1.1465985502673697,DrivAge_band,BonusMalus_band
35-44,81-90,2169.0854816977317,256,269.9823873139077,0.9482100019448662,-0.8509687490110358,DrivAge_band,BonusMalus_band
35-44,91-99,934.0586772962048,135,145.14673713465405,0.9300932467724657,-0.8422146097859611,DrivAge_band,BonusMalus_band
35-44,100-110,878.7972026349278,154,204.48553330800584,0.7531095110187471,-3.5304954333482566,DrivAge_band,BonusMalus_band
35-44,111+,314.50188786585824,118,127.73839935144548,0.923762945199804,-0.86164197032314,DrivAge_band,BonusMalus_band
45-54,50,57087.48056516206,3352,3296.4120861202186,1.0168631567982165,0.9681878473935266,DrivAge_band,BonusMalus_band
45-54,51-55,3636.288467699678,336,321.0981633103647,1.0464089751744596,0.831612270822848,DrivAge_band,BonusMalus_band
45-54,56-60,2906.636206302867,353,324.11441460887966,1.089121569696237,1.6044714742404549,DrivAge_band,BonusMalus_band
45-54,61-65,2065.007987124785,394,371.58934014791873,1.060310287273473,1.1625804633087164,DrivAge_band,BonusMalus_band
45-54,66-70,1214.2269189310578,173,160.21236630534648,1.0798167706373036,1.010280963692782,DrivAge_band,BonusMalus_band
45-54,71-75,985.3239052324276,126,147.98530443838658,0.8514358941124447,-1.8072706207302227,DrivAge_band,BonusMalus_band
45-54,76-80,1385.0515016094018,209,204.2496154386095,1.0232577405406098,0.3323901496689366,DrivAge_band,BonusMalus_band
45-54,81-90,1215.6905973501011,181,186.09553672977262,0.9726187053203119,-0.373526963884909,DrivAge_band,BonusMalus_band
45-54,91-99,552.0648716221274,83,106.8366349388102,0.7768870673204707,-2.306135626195753,DrivAge_band,BonusMalus_band
45-54,100-110,529.2477880080844,98,155.01183107158977,0.632209808261282,-4.579125711442677,DrivAge_band,BonusMalus_band
45-54,111+,204.7791406542406,70,102.88546183760457,0.6803682342456575,-3.2421039827248896,DrivAge_band,BonusMalus_band
55-64,50,37240.290476832095,1869,1918.5034892257256,0.9741968208534745,-1.1301979476487702,DrivAge_band,BonusMalus_band
55-64,51-55,1839.0041814507074,143,144.28866895889476,0.9910688138701877,-0.10728160295036865,DrivAge_band,BonusMalus_band
55-64,56-60,1477.5495239164609,153,145.99171568390847,1.0480046712463151,0.5800261930246603,DrivAge_band,BonusMalus_band
55-64,61-65,1216.1086623250244,241,196.184381546936,1.2284362195384146,3.1996109850564576,DrivAge_band,BonusMalus_band
55-64,66-70,672.6974818474437,93,79.61277533510614,1.1681542266118012,1.5003727570186214,DrivAge_band,BonusMalus_band
55-64,71-75,526.9437682461262,92,70.87054109747976,1.2981416336790412,2.509894698179895,DrivAge_band,BonusMalus_band
55-64,76-80,662.6394146268433,75,85.57936212683725,0.8763795164638225,-1.1436021430654735,DrivAge_band,BonusMalus_band
55-64,81-90,605.5965454001048,76,84.48980807644851,0.8995167787721009,-0.9236250663165115,DrivAge_band,BonusMalus_band
55-64,91-99,274.3501220151209,52,48.35119452490312,1.0754646397250345,0.524743547463825,DrivAge_band,BonusMalus_band
55-64,100-110,272.1438056740774,59,71.0644076990148,0.8302327692631701,-1.4311327980106638,DrivAge_band,BonusMalus_band
55-64,111+,124.20738977468373,52,60.17908805772756,0.8640875373538119,-1.054343397629909,DrivAge_band,BonusMalus_band
65-74,50,22460.14840631784,969,1075.6683286224854,0.9008352985914475,-3.252342687601987,DrivAge_band,BonusMalus_band
65-74,51-55,866.9783486787933,82,63.565502276610125,1.290007898359251,2.312174288860745,DrivAge_band,BonusMalus_band
65-74,56-60,664.8974369339022,83,61.61217940271981,1.3471362448888806,2.7247913183392414,DrivAge_band,BonusMalus_band
65-74,61-65,588.4556014671757,143,89.30248226589971,1.601299273789669,5.682277573105908,DrivAge_band,BonusMalus_band
65-74,66-70,302.47559398158546,47,33.43572726972952,1.4056820005991217,2.3458007796674125,DrivAge_band,BonusMalus_band
65-74,71-75,206.3854794520548,32,24.94666944430718,1.2827363617191148,1.4121731548641085,DrivAge_band,BonusMalus_band
65-74,76-80,283.15653791451456,46,34.33516230674985,1.3397344561542088,1.9907152709123057,DrivAge_band,BonusMalus_band
65-74,81-90,248.7064233849839,29,32.35146901528747,0.896404425601083,-0.5892345523803557,DrivAge_band,BonusMalus_band
65-74,91-99,100.88095141851934,9,16.3542348161788,0.5503161781128729,-1.8185379894834905,DrivAge_band,BonusMalus_band
65-74,100-110,80.66367617336627,13,19.605911700209152,0.6630653141144831,-1.4918983824970895,DrivAge_band,BonusMalus_band
65-74,111+,50.57821917808219,21,22.055073549381067,0.9521618666553631,-0.22466141000111897,DrivAge_band,BonusMalus_band
75+,50,10904.28628041021,515,580.3215555037558,0.8874390329219245,-2.7115784072283318,DrivAge_band,BonusMalus_band
75+,51-55,457.38915562542104,45,37.36411293371451,1.2043642004784612,1.24920052643491,DrivAge_band,BonusMalus_band
75+,56-60,313.9282191780822,49,32.93502585171848,1.4877777907510974,2.799310200481943,DrivAge_band,BonusMalus_band
75+,61-65,318.6036836589565,72,53.50281272924371,1.3457236419394087,2.528816906950983,DrivAge_band,BonusMalus_band
75+,66-70,169.07273224043715,23,20.171192436356545,1.140239977015182,0.6298507027111513,DrivAge_band,BonusMalus_band
75+,71-75,94.31367617336628,15,13.061181964720722,1.148441239124926,0.5364704573362918,DrivAge_band,BonusMalus_band
75+,76-80,123.17095890410958,24,17.18460834938968,1.396598602193478,1.6440726267513712,DrivAge_band,BonusMalus_band
75+,81-90,94.06092896174863,24,14.044591562341587,1.708842859079812,2.6564676132520555,DrivAge_band,BonusMalus_band
75+,91-99,53.64,10,10.733366516502524,0.931674138270134,-0.223847937680616,DrivAge_band,BonusMalus_band
75+,100-110,55.992739726027395,18,16.924788053890833,1.0635288278166644,0.26135599206980087,DrivAge_band,BonusMalus_band
75+,111+,25.698196721311476,16,14.414814689158852,1.1099691771988813,0.4175182922231719,DrivAge_band,BonusMalus_band
50,B1,48929.125314769066,2329,2479.083956486444,0.9394599137742978,-3.0143151240014454,BonusMalus_band,VehBrand_grp
50,B2,49450.569442323525,2377,2484.36093566227,0.9567852906873814,-2.1539664867810147,BonusMalus_band,VehBrand_grp
50,B3,12667.050792724007,662,687.8480657356833,0.9624218384505628,-0.9855570962435302,BonusMalus_band,VehBrand_grp
50,B4,6137.785120143723,351,326.315132018067,1.075647328486643,1.3665080742091142,BonusMalus_band,VehBrand_grp
50,B5,9511.272412605735,509,516.9296418927472,0.9846601137754208,-0.3487689843383427,BonusMalus_band,VehBrand_grp
50,B6,7429.62588217681,395,402.43116206975685,0.9815343274324548,-0.37043407723438676,BonusMalus_band,VehBrand_grp
50,B10,5263.216218279811,303,318.5409431534423,0.9512121016545236,-0.8707525221111733,BonusMalus_band,VehBrand_grp
50,B11,3501.4020143723333,234,239.14133704836163,0.9785008434266557,-0.33246715657198794,BonusMalus_band,VehBrand_grp
50,B12,33511.540565910625,1837,1524.1447608813667,1.2052660922691614,8.01364913006652,BonusMalus_band,VehBrand_grp
50,B13,3574.025331985927,185,202.65958228242275,0.9128608571895077,-1.2405002468688489,BonusMalus_band,VehBrand_grp
51-55,B1,5343.958574743619,366,361.8822955047395,1.0113785740457883,0.21645693682115377,BonusMalus_band,VehBrand_grp
51-55,B2,4887.55763829628,305,329.20248794357923,0.9264814549405009,-1.3339159270478826,BonusMalus_band,VehBrand_grp
51-55,B3,1783.3024380567408,105,124.75881799610224,0.8416238762640446,-1.7689898258121532,BonusMalus_band,VehBrand_grp
51-55,B4,843.5275043042144,60,57.98015701974731,1.0348367973471468,0.26526375661993495,BonusMalus_band,VehBrand_grp
51-55,B5,1135.174734635826,83,83.10314647052121,0.9987588138969227,-0.011314767597807777,BonusMalus_band,VehBrand_grp
51-55,B6,913.7837757317164,67,64.66975457119813,1.03603300251026,0.2897684237206317,BonusMalus_band,VehBrand_grp
51-55,B10,536.6756014671757,60,45.206073365764915,1.3272552896717347,2.200316055949461,BonusMalus_band,VehBrand_grp
51-55,B11,378.9166674152257,22,33.834802834033795,0.6502180641605694,-2.0346007582733083,BonusMalus_band,VehBrand_grp
51-55,B12,3441.486841080919,237,206.97296464844507,1.1450770896699358,2.087159529173529,BonusMalus_band,VehBrand_grp
51-55,B13,373.82287671232876,30,27.50089601112452,1.0908735478242073,0.47655266849608907,BonusMalus_band,VehBrand_grp
56-60,B1,4942.299657908526,421,405.9504935073375,1.0370722704698239,0.7469400077204018,BonusMalus_band,VehBrand_grp
56-60,B2,4540.381294258552,366,367.6026086103895,0.9956403774814121,-0.08358689243139053,BonusMalus_band,VehBrand_grp
56-60,B3,1752.3869735758665,161,149.23176624692945,1.078858771487017,0.963342336004803,BonusMalus_band,VehBrand_grp
56-60,B4,872.0747121790553,74,73.65104671512096,1.0047379270280947,0.04066097883685158,BonusMalus_band,VehBrand_grp
56-60,B5,1069.1403061606409,82,92.29519611545638,0.8884536081100295,-1.071630524238088,BonusMalus_band,VehBrand_grp
56-60,B6,887.2437682461263,75,78.84022141352335,0.9512910879158865,-0.43249625109917317,BonusMalus_band,VehBrand_grp
56-60,B10,483.1637907028969,54,48.052786396789095,1.1237641778793561,0.8579347307775343,BonusMalus_band,VehBrand_grp
56-60,B11,365.79747436185346,46,40.03856508742983,1.1488923216791744,0.9421315644175496,BonusMalus_band,VehBrand_grp
56-60,B12,3424.7636754248074,224,250.9492552165266,0.8926107384009808,-1.7011938802929867,BonusMalus_band,VehBrand_grp
56-60,B13,324.15012201512087,32,28.308438784771567,1.1304049737004322,0.693828468128398,BonusMalus_band,VehBrand_grp
61-65,B1,3066.045302043566,432,416.54598583977366,1.0371003795152902,0.7571986465776779,BonusMalus_band,VehBrand_grp
61-65,B2,3132.00552885695,449,425.99123262970903,1.0540123026200665,1.1147898932618945,BonusMalus_band,VehBrand_grp
61-65,B3,1100.2021491129576,163,155.9884914184527,1.04494888384258,0.5613906703831317,BonusMalus_band,VehBrand_grp
61-65,B4,548.4220173665693,87,77.14345434749788,1.1277690471067403,1.1222127453314183,BonusMalus_band,VehBrand_grp
61-65,B5,787.1457085111161,114,112.94787179524027,1.009315166262425,0.09899873310665933,BonusMalus_band,VehBrand_grp
61-65,B6,540.1511954487611,75,76.39773813813181,0.9817044565428806,-0.1599136606042888,BonusMalus_band,VehBrand_grp
61-65,B10,279.74009955835015,44,48.19802591412485,0.9129004594170613,-0.6046868019690405,BonusMalus_band,VehBrand_grp
61-65,B11,256.2446275918856,31,44.58939308619894,0.6952326070030083,-2.0350930945026064,BonusMalus_band,VehBrand_grp
61-65,B12,2196.5799573321356,218,262.8789828005712,0.8292789240035294,-2.7679935392519623,BonusMalus_band,VehBrand_grp
61-65,B13,258.6565454001048,47,39.21972852656373,1.1983764744359884,1.2423456946660136,BonusMalus_band,VehBrand_grp
66-70,B1,2299.9891152032337,224,218.8550965423934,1.0235082643214115,0.34777543097458685,BonusMalus_band,VehBrand_grp
66-70,B2,2201.581471667041,202,207.7000791603218,0.9725562013102462,-0.3955146330940638,BonusMalus_band,VehBrand_grp
66-70,B3,838.2678478928063,90,82.19610390521086,1.0949424087519848,0.8607675022266393,BonusMalus_band,VehBrand_grp
66-70,B4,423.36107343364023,44,41.14099959213532,1.0694927307602708,0.4457350621021919,BonusMalus_band,VehBrand_grp
66-70,B5,536.2156561119845,56,54.80436906474905,1.0218163433984317,0.16150633133478975,BonusMalus_band,VehBrand_grp
66-70,B6,443.85107343364024,47,44.199650239925184,1.063356830763907,0.4212140617652827,BonusMalus_band,VehBrand_grp
66-70,B10,225.0864383561644,28,27.220224516158364,1.0286469159495268,0.1494595689312427,BonusMalus_band,VehBrand_grp
66-70,B11,152.91465753424657,21,17.988875951417025,1.1673881156729964,0.7099481534238595,BonusMalus_band,VehBrand_grp
66-70,B12,1733.1937854629837,119,142.8100777732616,0.8332745269485485,-1.9924222645159564,BonusMalus_band,VehBrand_grp
66-70,B13,194.09095890410958,27,20.956550368957696,1.2883799826136597,1.3201552558417164,BonusMalus_band,VehBrand_grp
71-75,B1,2019.6672026349277,211,217.442432340027,0.9703717794604476,-0.4368956467870384,BonusMalus_band,VehBrand_grp
71-75,B2,2081.0526446590316,229,220.94684767514354,1.0364483694137014,0.5417788025395389,BonusMalus_band,VehBrand_grp
71-75,B3,761.9884482371435,82,82.7592752638921,0.9908254964598103,-0.08346240828394876,BonusMalus_band,VehBrand_grp
71-75,B4,374.5329313571375,40,39.54023135956216,1.011627869251874,0.07311723214894712,BonusMalus_band,VehBrand_grp
71-75,B5,497.5337907028969,61,55.646309943817954,1.0962092555928198,0.7176869338227886,BonusMalus_band,VehBrand_grp
71-75,B6,421.2574668762632,45,45.5801192626859,0.9872725374117042,-0.08592698186591065,BonusMalus_band,VehBrand_grp
71-75,B10,186.2473822890935,29,24.680551469642815,1.1750142631808744,0.8694625362188837,BonusMalus_band,VehBrand_grp
71-75,B11,159.42369863013698,20,21.172708930187056,0.9446122395554656,-0.2548601995141002,BonusMalus_band,VehBrand_grp
71-75,B12,1612.4866546897224,137,147.23100542604982,0.9305105239453888,-0.8431768536719245,BonusMalus_band,VehBrand_grp
71-75,B13,167.253698630137,20,19.224206061872195,1.040355057349622,0.17693843241262405,BonusMalus_band,VehBrand_grp
76-80,B1,3267.4153664196424,345,337.5091521732558,1.0221945028112862,0.4077445807728066,BonusMalus_band,VehBrand_grp
76-80,B2,3188.863140205105,337,327.2627312957052,1.0297536742596471,0.5382559996936809,BonusMalus_band,VehBrand_grp
76-80,B3,1257.5697731866157,134,137.36427472860782,0.975508371916536,-0.28704801936898877,BonusMalus_band,VehBrand_grp
76-80,B4,585.8049861516581,53,60.73329653781543,0.8726679271723656,-0.9923188388571521,BonusMalus_band,VehBrand_grp
76-80,B5,722.3701691743394,80,79.41993637044479,1.007303753390705,0.0650894899441418,BonusMalus_band,VehBrand_grp
76-80,B6,614.1602215734711,75,66.25679766454891,1.1319593255882512,1.0741261954108314,BonusMalus_band,VehBrand_grp
76-80,B10,244.30108840482072,33,32.09634877970063,1.0281543307776768,0.15950453085715094,BonusMalus_band,VehBrand_grp
76-80,B11,241.0664233849839,35,32.84603177324127,1.0655777307173375,0.3758355336421569,BonusMalus_band,VehBrand_grp
76-80,B12,2602.611062953814,210,230.4160761145182,0.9113947409451965,-1.344980190563962,BonusMalus_band,VehBrand_grp
76-80,B13,204.3646425630661,25,23.169642187291867,1.0789981044123353,0.3802562262478431,BonusMalus_band,VehBrand_grp
81-90,B1,3118.9043453851336,350,350.5325191058191,0.9984808282347739,-0.028442714181382663,BonusMalus_band,VehBrand_grp
81-90,B2,3070.210410210345,362,344.52915080083756,1.0507093497271638,0.941241415403545,BonusMalus_band,VehBrand_grp
81-90,B3,1259.4233370761285,158,149.39638499899954,1.0575891779513813,0.7038999327445554,BonusMalus_band,VehBrand_grp
81-90,B4,544.9638827756569,55,63.04230096723942,0.8724300851357141,-1.0128946883579244,BonusMalus_band,VehBrand_grp
81-90,B5,733.8556785687551,84,88.12766241532844,0.9531626925961615,-0.4396914752482802,BonusMalus_band,VehBrand_grp
81-90,B6,625.1238678044764,81,73.916195662118,1.0958356186276568,0.8239422133609858,BonusMalus_band,VehBrand_grp
81-90,B10,180.47915562542107,27,26.40293386995405,1.0226136282046063,0.1161973815471856,BonusMalus_band,VehBrand_grp
81-90,B11,205.6392851261322,33,28.945758495907167,1.1400634053056888,0.7535588039396129,BonusMalus_band,VehBrand_grp
81-90,B12,2271.9725174039972,190,216.6526804092053,0.8769796876786167,-1.8107515202651219,BonusMalus_band,VehBrand_grp
81-90,B13,161.96286922673852,22,20.75879901746668,1.059791560267478,0.2724212608281409,BonusMalus_band,VehBrand_grp
91-99,B1,1433.2227793996556,241,209.80895196311548,1.1486640476730847,2.1533665392424193,BonusMalus_band,VehBrand_grp
91-99,B2,1473.2425600718616,226,215.27818693428674,1.049804456356677,0.7307489794011119,BonusMalus_band,VehBrand_grp
91-99,B3,625.1357309678868,96,98.67605304686556,0.9728804206873314,-0.269394567223207,BonusMalus_band,VehBrand_grp
91-99,B4,272.81280934201664,38,42.66899829343653,0.8905763322277306,-0.7147719343191168,BonusMalus_band,VehBrand_grp
91-99,B5,364.844764578187,63,56.88174352195897,1.1075609870446237,0.8112248182657236,BonusMalus_band,VehBrand_grp
91-99,B6,281.84021408788084,49,45.177974597979016,1.0845993083140995,0.5686305526173329,BonusMalus_band,VehBrand_grp
91-99,B10,79.59917059660154,8,13.36420465860219,0.5986139994384633,-1.4673502152212663,BonusMalus_band,VehBrand_grp
91-99,B11,97.29369863013699,18,17.44751861211381,1.0316653273264085,0.13226679095360508,BonusMalus_band,VehBrand_grp
91-99,B12,1027.7072999476009,88,126.79349578222549,0.6940419100924912,-3.4451681918833383,BonusMalus_band,VehBrand_grp
91-99,B13,94.20093644733888,15,15.352232042291956,0.9770566233416981,-0.08989656510360815,BonusMalus_band,VehBrand_grp
100-110,B1,1372.1277625570776,348,306.5123812222465,1.1353538105453285,2.3697061615358264,BonusMalus_band,VehBrand_grp
100-110,B2,1322.7661262070515,344,298.32420948137764,1.1531078909017392,2.6444893555421864,BonusMalus_band,VehBrand_grp
100-110,B3,567.4480395239165,147,134.65395585380833,1.091687199740315,1.0639427689658039,BonusMalus_band,VehBrand_grp
100-110,B4,224.67838086683136,40,52.38557631465847,0.7635689595116136,-1.7112377669754186,BonusMalus_band,VehBrand_grp
100-110,B5,352.327618833745,92,83.86880627143574,1.0969513468720204,0.8878795997552995,BonusMalus_band,VehBrand_grp
100-110,B6,272.5887918257355,59,65.47137988737987,0.9011571178351279,-0.7997811198399296,BonusMalus_band,VehBrand_grp
100-110,B10,69.27009955835018,15,18.2919912694718,0.8200310058661612,-0.7697118665216348,BonusMalus_band,VehBrand_grp
100-110,B11,124.85738977468374,50,33.319539663909275,1.500620972088594,2.8897384428939197,BonusMalus_band,VehBrand_grp
100-110,B12,1377.4609761209672,157,255.14233274105814,0.615342810082943,-6.14419676801453,BonusMalus_band,VehBrand_grp
100-110,B13,74.51557901040498,14,18.4931620596781,0.7570365713998232,-1.0448320722851223,BonusMalus_band,VehBrand_grp
111+,B1,546.551128078449,250,212.28900165883596,1.1776399061962164,2.5882384372174934,BonusMalus_band,VehBrand_grp
111+,B2,567.343008458717,237,212.7115382855782,1.1141849751554758,1.6653460293362397,BonusMalus_band,VehBrand_grp
111+,B3,214.92917808219178,91,86.74842877797086,1.0490103542153009,0.45647673715450976,BonusMalus_band,VehBrand_grp
111+,B4,94.75641589939367,28,34.978604354542696,0.8004893424618189,-1.1799601448666082,BonusMalus_band,VehBrand_grp
111+,B5,162.76,68,68.07578138461218,0.998886808449777,-0.009184726289579379,BonusMalus_band,VehBrand_grp
111+,B6,87.82914065424059,31,35.82241233887305,0.865380022616736,-0.8057251640552526,BonusMalus_band,VehBrand_grp
111+,B10,33.77,18,17.170510568949524,1.0483089555036582,0.2001793396316718,BonusMalus_band,VehBrand_grp
111+,B11,35.39,15,15.251026665609947,0.9835403431445048,-0.0642791784135335,BonusMalus_band,VehBrand_grp
111+,B12,365.7748940788981,67,120.23097450883526,0.557260724814939,-4.854631095298198,BonusMalus_band,VehBrand_grp
111+,B13,26.232739726027397,10,11.37718723775455,0.878951870178911,-0.4082963868853846,BonusMalus_band,VehBrand_grp
50,Aquitaine,7094.344419492477,403,367.4916414915699,1.0966235813263923,1.8522809630577073,BonusMalus_band,Region_grp
50,Auvergne + Limousin,2411.652980762033,110,117.73923737897421,0.9342679844777364,-0.7132430662300302,BonusMalus_band,Region_grp
50,Basse-Normandie,3496.9680994086384,171,179.25310848898027,0.9539583521951162,-0.6164306241136365,BonusMalus_band,Region_grp
50,Bourgogne,2489.151785313272,119,117.73381881672238,1.0107546089645552,0.11669311678256121,BonusMalus_band,Region_grp
50,Bretagne,15124.419392918631,679,758.4256750650967,0.8952755982868335,-2.8840607313051887,BonusMalus_band,Region_grp
50,Centre,56391.47783441874,2288,2601.74123498686,0.8794110533484916,-6.150912537844188,BonusMalus_band,Region_grp
50,Haute-Normandie,1512.2660296429374,84,73.71857464266255,1.1394685858642113,1.197470607261948,BonusMalus_band,Region_grp
50,Ile-de-France,12408.901425256381,776,681.6557323182105,1.1384045687710107,3.6135408790430024,BonusMalus_band,Region_grp
50,Languedoc-Roussillon,6980.3843925443525,406,320.42381728969485,1.2670718532540788,4.780689250605068,BonusMalus_band,Region_grp
50,Lorraine,4975.992482970282,217,230.75938070614203,0.9403734718647744,-0.9057726540352488,BonusMalus_band,Region_grp
50,Midi-Pyrenees,3309.3541215659857,132,122.50272207155774,1.0775270766872804,0.8580770328349075,BonusMalus_band,Region_grp
50,"Nord-Est small (Als, Ch-Ard, F-Comte)",1424.4459151134067,78,67.52513479095659,1.1551254246507077,1.2747226811003967,BonusMalus_band,Region_grp
50,Nord-Pas-de-Calais,4704.251590687926,279,252.16834186625454,1.106403753679661,1.6896713120840756,BonusMalus_band,Region_grp
50,PACA + Corse,18513.098714724158,1200,1034.6370748175393,1.1598269859135126,5.140958851591245,BonusMalus_band,Region_grp
50,Pays-de-la-Loire,11206.455654614867,530,566.6393372664734,0.9353392275177623,-1.539197144906203,BonusMalus_band,Region_grp
50,Picardie,1442.5171554757092,71,77.2283903292914,0.9193510274818057,-0.7087406299201486,BonusMalus_band,Region_grp
50,Poitou-Charentes,5587.755874691219,264,290.74420193988266,0.9080146680090543,-1.5684623981061832,BonusMalus_band,Region_grp
50,Rhone-Alpes,20902.175225690546,1375,1321.0680929636924,1.040824471746431,1.4838266795804955,BonusMalus_band,Region_grp
51-55,Aquitaine,788.3322613968112,57,54.05287885627298,1.0545229265505625,0.40085617078328417,BonusMalus_band,Region_grp
51-55,Auvergne + Limousin,235.347367317913,15,15.4048293613283,0.9737206202137774,-0.10314390207356106,BonusMalus_band,Region_grp
51-55,Basse-Normandie,386.1973598323228,25,25.60541079986681,0.9763561379819784,-0.11964217239866103,BonusMalus_band,Region_grp
51-55,Bourgogne,207.94917059660153,17,12.697941557444182,1.3387996726157345,1.2072845529996927,BonusMalus_band,Region_grp
51-55,Bretagne,1439.9713399206528,96,95.51319307968002,1.005096750560039,0.0498109771413063,BonusMalus_band,Region_grp
51-55,Centre,5033.387615839509,293,297.83545329074286,0.9837646820171454,-0.28018765455753264,BonusMalus_band,Region_grp
51-55,Haute-Normandie,188.2954794520548,7,12.237844484874278,0.5719961557488211,-1.4972700408129545,BonusMalus_band,Region_grp
51-55,Ile-de-France,1870.39921775582,153,135.3639795869355,1.130285918505654,1.5158248969787287,BonusMalus_band,Region_grp
51-55,Languedoc-Roussillon,791.7902986750505,50,48.35018217271796,1.0341222670348689,0.237266779093503,BonusMalus_band,Region_grp
51-55,Lorraine,326.44547945205477,16,19.285839830960498,0.8296242289803952,-0.7482162084897803,BonusMalus_band,Region_grp
51-55,Midi-Pyrenees,428.96735983232276,28,20.585239810168886,1.3601979019048542,1.6342524479115232,BonusMalus_band,Region_grp
51-55,"Nord-Est small (Als, Ch-Ard, F-Comte)",147.55547196646455,11,8.48059729880714,1.2970784500694583,0.8651359717242032,BonusMalus_band,Region_grp
51-55,Nord-Pas-de-Calais,668.4829912418594,46,46.52208677203653,0.9887776579198863,-0.07654434238594209,BonusMalus_band,Region_grp
51-55,PACA + Corse,2066.495391870649,157,154.87596072887186,1.0137144542066572,0.17067524517934127,BonusMalus_band,Region_grp
51-55,Pays-de-la-Loire,1274.542194026499,83,83.85507678748638,0.9898029216566887,-0.09337711171130522,BonusMalus_band,Region_grp
51-55,Picardie,181.51368365895652,22,13.23510759712438,1.66224564768782,2.4092554547528615,BonusMalus_band,Region_grp
51-55,Poitou-Charentes,591.6255864959952,38,39.993610589261785,0.9501517727484934,-0.31524269016827583,BonusMalus_band,Region_grp
51-55,Rhone-Alpes,3010.9083831125085,221,251.21616376067556,0.8797204634114969,-1.90640661313802,BonusMalus_band,Region_grp
56-60,Aquitaine,695.8366299872745,47,57.56681475861873,0.8164426014722883,-1.3927013419309555,BonusMalus_band,Region_grp
56-60,Auvergne + Limousin,247.78285425555805,19,20.780328346495608,0.914326264878493,-0.39054753767880196,BonusMalus_band,Region_grp
56-60,Basse-Normandie,369.32189535144846,26,28.847502654203666,0.9012911901478332,-0.5301637464475762,BonusMalus_band,Region_grp
56-60,Bourgogne,267.9455864959952,13,18.89891916607218,0.6878700250402643,-1.3569191175584543,BonusMalus_band,Region_grp
56-60,Bretagne,1403.1024305711505,110,110.69483909976934,0.9937229313902965,-0.0660420525268313,BonusMalus_band,Region_grp
56-60,Centre,4391.334763829628,323,314.19721347656065,1.028016755546739,0.4966140535237885,BonusMalus_band,Region_grp
56-60,Haute-Normandie,226.72547196646457,24,17.507492632714893,1.370841644973939,1.5516739709389424,BonusMalus_band,Region_grp
56-60,Ile-de-France,1833.1017381540535,151,160.88066919450972,0.938583863157831,-0.7789945643855367,BonusMalus_band,Region_grp
56-60,Languedoc-Roussillon,796.9939276891982,69,60.25477355823955,1.1451374874607687,1.126614482878944,BonusMalus_band,Region_grp
56-60,Lorraine,238.34820420690173,28,16.813379997204823,1.6653403423139739,2.728169639519524,BonusMalus_band,Region_grp
56-60,Midi-Pyrenees,415.5101220151209,29,24.266388155477046,1.1950686609887824,0.9609262844525239,BonusMalus_band,Region_grp
56-60,"Nord-Est small (Als, Ch-Ard, F-Comte)",156.93463507747586,13,11.203526780572252,1.1603489021459712,0.5367145502684623,BonusMalus_band,Region_grp
56-60,Nord-Pas-de-Calais,677.227459390673,50,55.620103236269486,0.8989555410856437,-0.7535783240988775,BonusMalus_band,Region_grp
56-60,PACA + Corse,2016.5527292462011,184,183.67580705881565,1.0017650279934829,0.02392090333745554,BonusMalus_band,Region_grp
56-60,Pays-de-la-Loire,1199.5440818923573,103,96.19907427591184,1.0706963739025408,0.693398001059669,BonusMalus_band,Region_grp
56-60,Picardie,198.87831125084213,24,17.52506026255698,1.3694674734601053,1.546699591258597,BonusMalus_band,Region_grp
56-60,Poitou-Charentes,655.9592626693615,50,51.59561502806536,0.9690746000954262,-0.22213741881247528,BonusMalus_band,Region_grp
56-60,Rhone-Alpes,2870.3016707837414,272,288.3928704122165,0.9431578513408282,-0.9653009773753211,BonusMalus_band,Region_grp
61-65,Aquitaine,490.56474212141626,60,67.81048377075952,0.8848189345298925,-0.9484829163211453,BonusMalus_band,Region_grp
61-65,Auvergne + Limousin,143.8209589041096,21,19.9922644251807,1.0504062748164753,0.2253801151980367,BonusMalus_band,Region_grp
61-65,Basse-Normandie,197.98914813983083,26,26.200939910955572,0.9923308128777643,-0.03925615591781328,BonusMalus_band,Region_grp
61-65,Bourgogne,186.70368365895652,25,21.684764663871967,1.1528831595600113,0.7119295280238416,BonusMalus_band,Region_grp
61-65,Bretagne,817.9792701549517,138,104.45324967392732,1.3211652143977892,3.2823846911692485,BonusMalus_band,Region_grp
61-65,Centre,2962.1273942660378,425,356.31023957491624,1.192780764614095,3.6389647615642913,BonusMalus_band,Region_grp
61-65,Haute-Normandie,128.25915562542107,16,15.605229461487088,1.0252973235342155,0.0999331678400002,BonusMalus_band,Region_grp
61-65,Ile-de-France,1179.6053896249718,169,169.82922148056238,0.9951173215461199,-0.0636303532650616,BonusMalus_band,Region_grp
61-65,Languedoc-Roussillon,555.1676038625645,59,67.7839753313995,0.8704122133814935,-1.066909518613281,BonusMalus_band,Region_grp
61-65,Lorraine,178.61641589939367,33,21.421030510363508,1.540542131436421,2.5017835333548333,BonusMalus_band,Region_grp
61-65,Midi-Pyrenees,312.06191780821916,17,30.516046543080733,0.5570839583037211,-2.4467271679212605,BonusMalus_band,Region_grp
61-65,"Nord-Est small (Als, Ch-Ard, F-Comte)",93.99819672131147,10,11.656922772404487,0.8578593334831958,-0.48530001775854575,BonusMalus_band,Region_grp
61-65,Nord-Pas-de-Calais,467.0322539112209,60,63.329208774554594,0.9474301220720089,-0.4183492546606623,BonusMalus_band,Region_grp
61-65,PACA + Corse,1448.1879399655663,169,219.1368084571306,0.7712077272178636,-3.386873832452214,BonusMalus_band,Region_grp
61-65,Pays-de-la-Loire,677.0120023953889,97,91.3339933796714,1.0620361205140265,0.5928718828988078,BonusMalus_band,Region_grp
61-65,Picardie,170.63821169249195,18,23.900926340059712,0.7531088855677813,-1.2070154432648226,BonusMalus_band,Region_grp
61-65,Poitou-Charentes,344.45557901040496,52,48.13336355873776,1.080331731576243,0.5573271935787787,BonusMalus_band,Region_grp
61-65,Rhone-Alpes,1810.9732674601391,265,300.802235867201,0.8809774941865557,-2.06428482207234,BonusMalus_band,Region_grp
66-70,Aquitaine,395.3637981884872,35,36.641732594731046,0.9551950063909609,-0.2712154464898262,BonusMalus_band,Region_grp
66-70,Auvergne + Limousin,151.87643835616439,18,14.23397403903004,1.2645800779630052,0.9982061121652852,BonusMalus_band,Region_grp
66-70,Basse-Normandie,176.50094393292912,24,15.992247155478717,1.500727181531705,2.0024234098311062,BonusMalus_band,Region_grp
66-70,Bourgogne,149.81106594805001,9,12.718707248974818,0.7076190861084124,-1.042726725441776,BonusMalus_band,Region_grp
66-70,Bretagne,616.3002440302417,62,56.925732978594276,1.0891383695193488,0.6725413658607993,BonusMalus_band,Region_grp
66-70,Centre,2021.1934441200688,177,168.43215308769763,1.0508682383691987,0.6601751881476614,BonusMalus_band,Region_grp
66-70,Haute-Normandie,114.61821917808219,15,9.772326284069091,1.534946701938626,1.672281917963739,BonusMalus_band,Region_grp
66-70,Ile-de-France,997.951379594281,90,100.39619047928831,0.896448356957996,-1.037565711416845,BonusMalus_band,Region_grp
66-70,Languedoc-Roussillon,374.46927015495174,25,31.165789595717026,0.8021616113148514,-1.1044590886892598,BonusMalus_band,Region_grp
66-70,Lorraine,92.1027397260274,8,7.131938019254369,1.1217147398648293,0.32504759370437275,BonusMalus_band,Region_grp
66-70,Midi-Pyrenees,238.52462759188563,12,16.166334397143853,0.7422832972031106,-1.0362113508262587,BonusMalus_band,Region_grp
66-70,"Nord-Est small (Als, Ch-Ard, F-Comte)",82.52191032262894,3,6.7192570471746516,0.44647793333958785,-1.4348138719685612,BonusMalus_band,Region_grp
66-70,Nord-Pas-de-Calais,375.6811879631709,34,34.06172362114344,0.9981878890854152,-0.010575918284561725,BonusMalus_band,Region_grp
66-70,PACA + Corse,1064.6494917284228,111,111.17973148364726,0.9983834150231448,-0.017045562951456192,BonusMalus_band,Region_grp
66-70,Pays-de-la-Loire,501.31749681862414,46,47.46168674782146,0.9692028065587334,-0.21216938875151967,BonusMalus_band,Region_grp
66-70,Picardie,112.07917808219177,7,10.706895781051536,0.6537842660604026,-1.132866118954201,BonusMalus_band,Region_grp
66-70,Poitou-Charentes,249.2091406542406,25,23.043473838450648,1.0849058685884707,0.4075788919490485,BonusMalus_band,Region_grp
66-70,Rhone-Alpes,1334.381501609402,157,155.1221327152621,1.0121057340552742,0.15077454009260585,BonusMalus_band,Region_grp
71-75,Aquitaine,362.7974743618534,32,38.08559842348168,0.8402126085609934,-0.9861044049356376,BonusMalus_band,Region_grp
71-75,Auvergne + Limousin,137.86189535144845,16,13.834609360023789,1.1565198252892692,0.5821739986053098,BonusMalus_band,Region_grp
71-75,Basse-Normandie,121.12820420690171,9,11.901618603049956,0.756199664950919,-0.8410800126077339,BonusMalus_band,Region_grp
71-75,Bourgogne,123.80095141851935,7,11.360340017067442,0.6161787402034979,-1.2936735285580852,BonusMalus_band,Region_grp
71-75,Bretagne,595.8137682461262,76,61.38910068301797,1.238004778607611,1.8647959291022707,BonusMalus_band,Region_grp
71-75,Centre,1994.738998428026,203,184.4516402824083,1.1005594728742605,1.3657281119912514,BonusMalus_band,Region_grp
71-75,Haute-Normandie,84.36735234673255,3,8.393348667830796,0.35742587597940567,-1.861619267135204,BonusMalus_band,Region_grp
71-75,Ile-de-France,956.5524530279213,96,108.54561891195591,0.8844207713060075,-1.2041648381067394,BonusMalus_band,Region_grp
71-75,Languedoc-Roussillon,407.4610809192305,25,39.04624392975724,0.6402664503396046,-2.2478668083868656,BonusMalus_band,Region_grp
71-75,Lorraine,101.79093644733888,13,9.020189850837134,1.4412113508668016,1.3251178861163844,BonusMalus_band,Region_grp
71-75,Midi-Pyrenees,187.3509439329291,19,13.890373051595358,1.3678538315295847,1.3709835340577463,BonusMalus_band,Region_grp
71-75,"Nord-Est small (Als, Ch-Ard, F-Comte)",78.79,12,7.166198478372794,1.674527999219581,1.8056950099636881,BonusMalus_band,Region_grp
71-75,Nord-Pas-de-Calais,370.92847817950445,34,38.34703004701287,0.8866397204246723,-0.7019832914334423,BonusMalus_band,Region_grp
71-75,PACA + Corse,927.3266299872745,92,109.13226382598782,0.8430137594020285,-1.639978564181388,BonusMalus_band,Region_grp
71-75,Pays-de-la-Loire,411.3357930982858,56,43.7995192810317,1.2785528453106099,1.8434963027969045,BonusMalus_band,Region_grp
71-75,Picardie,115.43286174114829,13,12.32205422074426,1.0550188927195607,0.19313162894396826,BonusMalus_band,Region_grp
71-75,Poitou-Charentes,215.5091780821918,32,23.536110876607367,1.3596129015437688,1.7446271022794444,BonusMalus_band,Region_grp
71-75,Rhone-Alpes,1088.4569189310578,136,140.00182922209814,0.9714158790329114,-0.3382140898515072,BonusMalus_band,Region_grp
76-80,Aquitaine,548.8321318961,41,56.66075275493392,0.7236049294532148,-2.0805179313131914,BonusMalus_band,Region_grp
76-80,Auvergne + Limousin,165.033698630137,17,15.920938844939444,1.067776226362652,0.27043426762252043,BonusMalus_band,Region_grp
76-80,Basse-Normandie,220.90013698630136,19,21.17611852986579,0.8972371387704174,-0.472889169366059,BonusMalus_band,Region_grp
76-80,Bourgogne,184.9937682461262,23,16.111776412036992,1.4275272578147786,1.7160720677689794,BonusMalus_band,Region_grp
76-80,Bretagne,745.3767445168052,61,71.93441868358912,0.8479946194924397,-1.2892208781383971,BonusMalus_band,Region_grp
76-80,Centre,2995.4677999850287,286,273.20733854670624,1.0468240037816803,0.7739532468223012,BonusMalus_band,Region_grp
76-80,Haute-Normandie,106.5627397260274,9,10.216408610155124,0.8809357909837305,-0.38056632668787116,BonusMalus_band,Region_grp
76-80,Ile-de-France,1492.4929485739951,177,160.12801752769784,1.1053655864401355,1.3333140393777465,BonusMalus_band,Region_grp
76-80,Languedoc-Roussillon,651.0747720637772,48,59.94911583486619,0.800679031400883,-1.5432787635772662,BonusMalus_band,Region_grp
76-80,Lorraine,177.47465753424657,9,15.114206769671528,0.5954662482228033,-1.572705631603307,BonusMalus_band,Region_grp
76-80,Midi-Pyrenees,268.66203233774985,12,19.072715426327832,0.6291710294924912,-1.6194961501151297,BonusMalus_band,Region_grp
76-80,"Nord-Est small (Als, Ch-Ard, F-Comte)",120.97819672131148,8,10.722898264772528,0.7460669496680811,-0.831525021942922,BonusMalus_band,Region_grp
76-80,Nord-Pas-de-Calais,586.7113870798712,57,59.04024607939784,0.9654431304934925,-0.26552686780609336,BonusMalus_band,Region_grp
76-80,PACA + Corse,1511.088624897073,167,169.21711836178045,0.9868977891643307,-0.17043811845852186,BonusMalus_band,Region_grp
76-80,Pays-de-la-Loire,687.4220323377498,79,70.42090945431134,1.1218258981908593,1.0223284263822612,BonusMalus_band,Region_grp
76-80,Picardie,201.42105846245977,22,21.663938001682148,1.015512507388627,0.07220224533864893,BonusMalus_band,Region_grp
76-80,Poitou-Charentes,450.3275192753949,43,46.04914227925269,0.9337850364125788,-0.4493315535254377,BonusMalus_band,Region_grp
76-80,Rhone-Alpes,1813.7066247473613,249,230.46822724314293,1.0804092302810406,1.2207070013406303,BonusMalus_band,Region_grp
81-90,Aquitaine,512.2829687850887,60,57.196140934481434,1.04902182244656,0.3707428775782867,BonusMalus_band,Region_grp
81-90,Auvergne + Limousin,116.15462010629538,15,13.1936739576639,1.136908494793207,0.49729405743685107,BonusMalus_band,Region_grp
81-90,Basse-Normandie,194.91201736656936,23,22.307689853534338,1.031034596186838,0.14657955461663982,BonusMalus_band,Region_grp
81-90,Bourgogne,178.14379070289692,15,17.405836935840846,0.8617798762157239,-0.5766585463484478,BonusMalus_band,Region_grp
81-90,Bretagne,709.2376884497343,88,75.0496474480201,1.1725571404042825,1.4948832073432874,BonusMalus_band,Region_grp
81-90,Centre,3126.7549008159294,367,314.67961379599456,1.1662655726974565,2.949420108421495,BonusMalus_band,Region_grp
81-90,Haute-Normandie,82.08737480350325,6,8.917622039874516,0.6728251066451824,-0.9770223537594266,BonusMalus_band,Region_grp
81-90,Ile-de-France,1416.793825136612,169,165.77596089796015,1.0194481701965483,0.2504029975395614,BonusMalus_band,Region_grp
81-90,Languedoc-Roussillon,577.0556860543454,45,57.56825176738612,0.7816808504421815,-1.6564691477007014,BonusMalus_band,Region_grp
81-90,Lorraine,173.5864383561644,18,16.97825719578503,1.0601794867654981,0.24796765426966033,BonusMalus_band,Region_grp
81-90,Midi-Pyrenees,243.8665603712853,19,19.151421052963457,0.9920934821210029,-0.034600769680920906,BonusMalus_band,Region_grp
81-90,"Nord-Est small (Als, Ch-Ard, F-Comte)",116.88095890410959,9,11.865696871591968,0.7584889532739689,-0.8319239454768019,BonusMalus_band,Region_grp
81-90,Nord-Pas-de-Calais,588.5585627666742,62,63.897842751309085,0.9702987977435247,-0.23741990524725737,BonusMalus_band,Region_grp
81-90,PACA + Corse,1222.3914941238118,119,148.78957511357947,0.7997872156645423,-2.4421821753628468,BonusMalus_band,Region_grp
81-90,Pays-de-la-Loire,706.8483658956509,65,78.92085373111009,0.82360994498945,-1.5670035594804272,BonusMalus_band,Region_grp
81-90,Picardie,187.8437907028969,18,20.767434434551703,0.8667416313135242,-0.6072757184303843,BonusMalus_band,Region_grp
81-90,Poitou-Charentes,403.17019911670036,50,47.38574082347509,1.0551697437054692,0.37977362829526534,BonusMalus_band,Region_grp
81-90,Rhone-Alpes,1615.9661067445168,214,222.45312613775343,0.9620004165168762,-0.5667585662034031,BonusMalus_band,Region_grp
91-99,Aquitaine,199.2519028370387,39,28.179720456509056,1.3839739844187005,2.038309556676408,BonusMalus_band,Region_grp
91-99,Auvergne + Limousin,51.21,5,7.4944994726714524,0.6671559612796563,-0.9111966193252332,BonusMalus_band,Region_grp
91-99,Basse-Normandie,99.85191780821918,12,14.235652365830742,0.8429539926672495,-0.5925371531285913,BonusMalus_band,Region_grp
91-99,Bourgogne,100.93369863013699,15,13.303673127237634,1.12750815932852,0.465075818727908,BonusMalus_band,Region_grp
91-99,Bretagne,301.20106594805003,48,40.92944394032539,1.1727498685294475,1.105186694517663,BonusMalus_band,Region_grp
91-99,Centre,1490.7644703944907,231,200.56547287086903,1.1517436011966316,2.1490101784986764,BonusMalus_band,Region_grp
91-99,Haute-Normandie,40.98465753424657,5,5.895278058402663,0.8481364153593053,-0.36872772502103734,BonusMalus_band,Region_grp
91-99,Ile-de-France,768.8188292536867,94,116.41168760346042,0.807479059320894,-2.0771902126729893,BonusMalus_band,Region_grp
91-99,Languedoc-Roussillon,256.6229837562692,15,33.6374444817285,0.445931616718025,-3.213474557624329,BonusMalus_band,Region_grp
91-99,Lorraine,87.48,13,11.21918650889187,1.1587292884111278,0.531664610667787,BonusMalus_band,Region_grp
91-99,Midi-Pyrenees,102.11369863013698,12,10.384854371785549,1.1555289626980823,0.5012004830030953,BonusMalus_band,Region_grp
91-99,"Nord-Est small (Als, Ch-Ard, F-Comte)",73.54821917808219,5,10.360810343734423,0.4825877353332397,-1.6654576009015123,BonusMalus_band,Region_grp
91-99,Nord-Pas-de-Calais,278.71665992963545,34,39.37877621137901,0.8634092592795013,-0.8571411942510154,BonusMalus_band,Region_grp
91-99,PACA + Corse,567.2603211318212,89,92.51153146347102,0.9620422296775233,-0.3650888998183641,BonusMalus_band,Region_grp
91-99,Pays-de-la-Loire,335.6683337076128,54,50.264968520208505,1.074306850073722,0.5268191570069364,BonusMalus_band,Region_grp
91-99,Picardie,91.95095141851935,18,13.687701782763023,1.3150491065393806,1.1655838453203928,BonusMalus_band,Region_grp
91-99,Poitou-Charentes,172.90559398158544,31,24.825155122766446,1.2487333854188398,1.2393103206019396,BonusMalus_band,Region_grp
91-99,Rhone-Alpes,730.6166599296355,122,128.163502750841,0.9519090644485327,-0.5444342141728284,BonusMalus_band,Region_grp
100-110,Aquitaine,222.86391271801781,44,47.4654987095157,0.9269891014792825,-0.5030101138189254,BonusMalus_band,Region_grp
100-110,Auvergne + Limousin,56.22547945205479,16,11.348885968673464,1.409830008351929,1.3806397438522218,BonusMalus_band,Region_grp
100-110,Basse-Normandie,78.44568605434539,20,16.008136945373206,1.2493646242688192,0.9977120981273064,BonusMalus_band,Region_grp
100-110,Bourgogne,83.41917808219178,16,16.28862821375004,0.982280385434398,-0.07151489845066489,BonusMalus_band,Region_grp
100-110,Bretagne,252.7185178531327,63,53.90310129289346,1.1687639206077716,1.2390432967346492,BonusMalus_band,Region_grp
100-110,Centre,1269.4022756194327,332,259.118295448351,1.2812680765190363,4.527614918770258,BonusMalus_band,Region_grp
100-110,Haute-Normandie,56.422732240437156,6,11.69612331154084,0.5129904875472422,-1.6655528321924502,BonusMalus_band,Region_grp
100-110,Ile-de-France,942.0246919679616,169,211.30595846218097,0.7997881424164724,-2.910352990715183,BonusMalus_band,Region_grp
100-110,Languedoc-Roussillon,266.3683411932031,36,51.29364182935896,0.7018413728501272,-2.1353995532367094,BonusMalus_band,Region_grp
100-110,Lorraine,83.69013698630137,8,15.472696303731926,0.5170398127746129,-1.8997407207113366,BonusMalus_band,Region_grp
100-110,Midi-Pyrenees,98.54191780821918,12,15.234928598094962,0.7876636849811379,-0.828789972109109,BonusMalus_band,Region_grp
100-110,"Nord-Est small (Als, Ch-Ard, F-Comte)",73.92010704394042,12,14.844955944411838,0.808355379762324,-0.7383904804097394,BonusMalus_band,Region_grp
100-110,Nord-Pas-de-Calais,337.3531828729695,75,73.11113518701407,1.0258355284479488,0.22090681431369963,BonusMalus_band,Region_grp
100-110,PACA + Corse,625.4268740175163,91,145.65824098207298,0.6247500957477573,-4.528851917994107,BonusMalus_band,Region_grp
100-110,Pays-de-la-Loire,312.0594295980238,68,66.70127901559866,1.0194707058630408,0.15901891172259175,BonusMalus_band,Region_grp
100-110,Picardie,95.84105846245977,21,21.571214805621928,0.9735195810356931,-0.12298783424178081,BonusMalus_band,Region_grp
100-110,Poitou-Charentes,172.42375327494574,53,39.51224054880996,1.3413564825444013,2.145724615057402,BonusMalus_band,Region_grp
100-110,Rhone-Alpes,730.8934890336103,224,195.92837319802987,1.1432749445308639,2.005482678295522,BonusMalus_band,Region_grp
111+,Aquitaine,73.3382191780822,24,30.54676469012411,0.7856805865846505,-1.1845247013700144,BonusMalus_band,Region_grp
111+,Auvergne + Limousin,21.235479452054793,6,8.094307910647693,0.7412616453727037,-0.7361234834482017,BonusMalus_band,Region_grp
111+,Basse-Normandie,32.91820420690171,18,11.807477537748179,1.524457695765628,1.8021420758445998,BonusMalus_band,Region_grp
111+,Bourgogne,51.31095890410959,17,17.677000020864533,0.961701645071819,-0.1610216975610921,BonusMalus_band,Region_grp
111+,Bretagne,146.57092896174862,63,54.073406905475004,1.165082868000706,1.2139306362059918,BonusMalus_band,Region_grp
111+,Centre,534.0838154053447,227,181.53860697034412,1.2504227270901247,3.374102253904349,BonusMalus_band,Region_grp
111+,Haute-Normandie,18.94273224043716,5,6.5086519674633525,0.7682082288306273,-0.5913485534069474,BonusMalus_band,Region_grp
111+,Ile-de-France,270.7375117898046,72,104.58399423996394,0.6884418645820581,-3.18619027835315,BonusMalus_band,Region_grp
111+,Languedoc-Roussillon,58.90643835616439,11,19.483446264930365,0.5645818429873816,-1.9219382242391563,BonusMalus_band,Region_grp
111+,Lorraine,31.01368365895651,10,9.743708054177269,1.026303327685691,0.08210560902994792,BonusMalus_band,Region_grp
111+,Midi-Pyrenees,30.136438356164383,7,7.683988710490994,0.9109852010119249,-0.24674909842686066,BonusMalus_band,Region_grp
111+,"Nord-Est small (Als, Ch-Ard, F-Comte)",21.64,7,7.344493180098973,0.9530950371044757,-0.12711585200242914,BonusMalus_band,Region_grp
111+,Nord-Pas-de-Calais,91.03465004865633,27,32.15793522381426,0.8396061442404237,-0.9095609480984234,BonusMalus_band,Region_grp
111+,PACA + Corse,179.5527397260274,64,74.95122700556307,0.8538886227339515,-1.2649501415217772,BonusMalus_band,Region_grp
111+,Pays-de-la-Loire,150.67367617336626,73,58.71541120568289,1.2432851699578074,1.8641965058981385,BonusMalus_band,Region_grp
111+,Picardie,28.22546448087432,10,10.959992342249393,0.912409396624417,-0.28997639299357364,BonusMalus_band,Region_grp
111+,Poitou-Charentes,74.06093644733888,25,28.371632727567434,0.881161836544875,-0.6329918176321933,BonusMalus_band,Region_grp
111+,Rhone-Alpes,320.95462759188564,149,150.41342082435665,0.9906030936826631,-0.11524661849031627,BonusMalus_band,Region_grp
50,0-2.5,5302.001306984056,174,203.44944615077773,0.8552493176661068,-2.064661576307439,BonusMalus_band,LogDensity_band
50,2.5-3.5,18387.75806497492,694,754.7067721497878,0.9195624388305619,-2.2097748071234986,BonusMalus_band,LogDensity_band
50,3.5-4.5,30030.17684033236,1256,1354.3213734282215,0.9274017413021116,-2.671696184762352,BonusMalus_band,LogDensity_band
50,4.5-5.5,35548.44555281084,1670,1746.5330273551274,0.9561800285729348,-1.8313041997244701,BonusMalus_band,LogDensity_band
50,5.5-6.5,31831.608538812787,1655,1620.3324235115738,1.0213953482540916,0.8612345047054455,BonusMalus_band,LogDensity_band
50,6.5-7.5,27362.492925368664,1604,1577.1953042432447,1.0169951658394116,0.6749446271073146,BonusMalus_band,LogDensity_band
50,7.5-8.5,22698.59095815555,1497,1385.2536959657918,1.080668475644311,3.002399707787969,BonusMalus_band,LogDensity_band
50,8.5-9.5,5914.89230780747,427,363.80864918357355,1.1736939211264898,3.31299766142156,BonusMalus_band,LogDensity_band
50,9.5+,2899.6466000449136,205,175.85482524246348,1.165734290869483,2.197806831982162,BonusMalus_band,LogDensity_band
51-55,0-2.5,408.4083262220226,26,19.447678884130376,1.3369204702992308,1.485803187474833,BonusMalus_band,LogDensity_band
51-55,2.5-3.5,1553.2094617860619,90,79.19115675867906,1.136490533586458,1.2146212502094123,BonusMalus_band,LogDensity_band
51-55,3.5-4.5,3047.1575162811587,177,172.27582151274777,1.0274221794200102,0.35992675656247525,BonusMalus_band,LogDensity_band
51-55,4.5-5.5,3497.2584130548694,225,220.45350271349466,1.0206233842082066,0.3062093407150882,BonusMalus_band,LogDensity_band
51-55,5.5-6.5,3245.3127517029716,220,218.3742814081029,1.007444643121041,0.11001315708548386,BonusMalus_band,LogDensity_band
51-55,6.5-7.5,3208.07940190134,221,245.4276110700081,0.9004691812648572,-1.5592626877923892,BonusMalus_band,LogDensity_band
51-55,7.5-8.5,3195.2293569877984,257,259.1192339000608,0.9918213948530036,-0.13165248680798475,BonusMalus_band,LogDensity_band
51-55,8.5-9.5,1049.8458080694663,84,85.55538583234504,0.981820129531144,-0.16815681062962248,BonusMalus_band,LogDensity_band
51-55,9.5+,433.7056164383562,35,35.266724285687225,0.9924369418739729,-0.04491382054864123,BonusMalus_band,LogDensity_band
56-60,0-2.5,385.38830376525186,25,21.990122268135053,1.1368740789689211,0.6418521966606329,BonusMalus_band,LogDensity_band
56-60,2.5-3.5,1467.9477034209146,90,90.84155617896013,0.9907359999722787,-0.08829595950673905,BonusMalus_band,LogDensity_band
56-60,3.5-4.5,2759.057272250917,192,190.4960663254456,1.0078948279802538,0.10896466241088312,BonusMalus_band,LogDensity_band
56-60,4.5-5.5,3365.728218429523,268,257.0924595028456,1.0424265282546479,0.6802713246133761,BonusMalus_band,LogDensity_band
56-60,5.5-6.5,2962.3873119245454,234,239.8076050809058,0.975782231431124,-0.3750296465465169,BonusMalus_band,LogDensity_band
56-60,6.5-7.5,3122.1876308106894,295,285.08146366009714,1.0347919370574326,0.5874394369122302,BonusMalus_band,LogDensity_band
56-60,7.5-8.5,3069.3774167228084,276,298.17514183370906,0.9256304811415969,-1.2841941554102287,BonusMalus_band,LogDensity_band
56-60,8.5-9.5,1132.915922598997,113,112.88914241820952,1.0009820039324933,0.010433723269521671,BonusMalus_band,LogDensity_band
56-60,9.5+,396.41199490979864,42,38.54682082596634,1.0895840201614626,0.5561921185595622,BonusMalus_band,LogDensity_band
61-65,0-2.5,255.2874893330339,34,26.37392813463389,1.2891519164849643,1.4849556542613245,BonusMalus_band,LogDensity_band
61-65,2.5-3.5,935.3694767572423,102,97.36170051971455,1.0476398774418105,0.47007235483403204,BonusMalus_band,LogDensity_band
61-65,3.5-4.5,1666.9795987723633,208,190.4867640109211,1.091939385290176,1.2689192847764992,BonusMalus_band,LogDensity_band
61-65,4.5-5.5,2124.8253694138784,293,273.0201176879972,1.0731809893029036,1.2091929348734847,BonusMalus_band,LogDensity_band
61-65,5.5-6.5,1939.0870110038177,253,258.0545397924485,0.9804129011002332,-0.3146486466004517,BonusMalus_band,LogDensity_band
61-65,6.5-7.5,2086.9927741597426,309,311.35308640457043,0.9924423861290623,-0.13335560899600862,BonusMalus_band,LogDensity_band
61-65,7.5-8.5,2213.259957332136,325,351.13853825301084,0.9255606109683784,-1.394896705040842,BonusMalus_band,LogDensity_band
61-65,8.5-9.5,699.9384407515532,91,113.03965429186827,0.8050272319927492,-2.072952581032293,BonusMalus_band,LogDensity_band
61-65,9.5+,243.45301369863014,45,39.072575401099314,1.15170294095162,0.9482656505021206,BonusMalus_band,LogDensity_band
66-70,0-2.5,156.64369863013698,19,10.991088945184856,1.7286731182649386,2.4157562360922693,BonusMalus_band,LogDensity_band
66-70,2.5-3.5,683.8483037652519,53,49.31449242085048,1.0747347767000694,0.5248195746674782,BonusMalus_band,LogDensity_band
66-70,3.5-4.5,1203.92435586496,89,98.45473310004118,0.9039687295639296,-0.952864120024949,BonusMalus_band,LogDensity_band
66-70,4.5-5.5,1500.0633498016318,142,129.57044644897212,1.095928924316263,1.0919494960306058,BonusMalus_band,LogDensity_band
66-70,5.5-6.5,1356.5432450033686,103,121.53881197783592,0.8474659108794259,-1.681606612266017,BonusMalus_band,LogDensity_band
66-70,6.5-7.5,1582.54338947526,165,164.15440447621498,1.0051512204407986,0.06599885564742253,BonusMalus_band,LogDensity_band
66-70,7.5-8.5,1724.670687177184,203,191.3188338316436,1.0610560180323678,0.844514944932447,BonusMalus_band,LogDensity_band
66-70,8.5-9.5,587.8912500935699,63,65.09077456415928,0.9678790953378743,-0.25914777723406673,BonusMalus_band,LogDensity_band
66-70,9.5+,252.42379818848715,21,27.43844134962789,0.7653495959341289,-1.2291390744112713,BonusMalus_band,LogDensity_band
71-75,0-2.5,150.8664383561644,16,11.611652374413218,1.3779261972444763,1.28781657479815,BonusMalus_band,LogDensity_band
71-75,2.5-3.5,655.7910360056891,60,53.00467220387129,1.1319756826194993,0.9608398206991862,BonusMalus_band,LogDensity_band
71-75,3.5-4.5,988.6623834119321,85,86.78524106170609,0.9794292089315424,-0.19163460253092987,BonusMalus_band,LogDensity_band
71-75,4.5-5.5,1369.0263358035781,138,131.92398694160835,1.0460569241367834,0.5290013917604086,BonusMalus_band,LogDensity_band
71-75,5.5-6.5,1345.9813945654614,169,137.7843049383717,1.226554795740999,2.6593355220055463,BonusMalus_band,LogDensity_band
71-75,6.5-7.5,1457.8813945654615,158,168.78093128821095,0.9361247078924965,-0.8298404275674923,BonusMalus_band,LogDensity_band
71-75,7.5-8.5,1555.6153993562393,151,189.33699117000808,0.7975198035359884,-2.7861230238347905,BonusMalus_band,LogDensity_band
71-75,8.5-9.5,532.0694295980238,71,66.91869561559092,1.0609890008593983,0.49891349611750424,BonusMalus_band,LogDensity_band
71-75,9.5+,225.55010704394041,26,28.07721213909994,0.9260178635681837,-0.39201606073312467,BonusMalus_band,LogDensity_band
76-80,0-2.5,258.2328392843776,20,18.472060712077223,1.0827162335452802,0.3555072193118302,BonusMalus_band,LogDensity_band
76-80,2.5-3.5,859.183167901789,67,66.80887023109598,1.0028608441999227,0.023383594479926134,BonusMalus_band,LogDensity_band
76-80,3.5-4.5,1618.1225600718617,155,137.76675914543011,1.1250899778834025,1.468232174200489,BonusMalus_band,LogDensity_band
76-80,4.5-5.5,2033.9055737704919,195,190.85865665656888,1.0216984831391906,0.2997680248309334,BonusMalus_band,LogDensity_band
76-80,5.5-6.5,1938.171259824837,183,191.5499029433531,0.9553646187652648,-0.6177606149606413,BonusMalus_band,LogDensity_band
76-80,6.5-7.5,2387.4693270454377,257,264.94751521285986,0.9700034355616629,-0.4882603324121418,BonusMalus_band,LogDensity_band
76-80,7.5-8.5,2554.1512298824764,275,298.5774570916108,0.9210340347818801,-1.3644840257869841,BonusMalus_band,LogDensity_band
76-80,8.5-9.5,932.2734119320309,122,116.42495958460528,1.0478852682043955,0.5166839513101995,BonusMalus_band,LogDensity_band
76-80,9.5+,347.0175043042144,53,41.668106047528674,1.2719560600989548,1.7554991406358686,BonusMalus_band,LogDensity_band
81-90,0-2.5,195.68189535144847,10,15.210901759904257,0.6574232190730384,-1.336089050413422,BonusMalus_band,LogDensity_band
81-90,2.5-3.5,749.0122164832698,67,63.84684992805962,1.049386149441879,0.3946161941247717,BonusMalus_band,LogDensity_band
81-90,3.5-4.5,1445.2324927015495,172,139.93341159113504,1.2291560538991133,2.7107661023744827,BonusMalus_band,LogDensity_band
81-90,4.5-5.5,1905.5458103151434,197,197.2568980011881,0.9986976475662385,-0.018291302224712563,BonusMalus_band,LogDensity_band
81-90,5.5-6.5,1937.3054090875066,197,209.43311364811976,0.9406344420347523,-0.8591267246256314,BonusMalus_band,LogDensity_band
81-90,6.5-7.5,2416.233947151733,269,288.99180412491756,0.93082224533857,-1.1760051534720886,BonusMalus_band,LogDensity_band
81-90,7.5-8.5,2421.1520518002844,323,304.4301982729303,1.0609985534694601,1.0642983808904047,BonusMalus_band,LogDensity_band
81-90,8.5-9.5,768.1376585073733,98,100.52358017247026,0.9748956397281066,-0.25169995197595985,BonusMalus_band,LogDensity_band
81-90,9.5+,334.2338678044764,29,42.67762824415038,0.6795129249942538,-2.0936817019269514,BonusMalus_band,LogDensity_band
91-99,0-2.5,88.58,11,9.847714843913053,1.117010410470931,0.367191175129924,BonusMalus_band,LogDensity_band
91-99,2.5-3.5,335.42831873643235,60,38.9251819465725,1.5414186138514174,3.3779133762809166,BonusMalus_band,LogDensity_band
91-99,3.5-4.5,599.6448865933079,96,75.49416973395576,1.271621376038806,2.360046998193284,BonusMalus_band,LogDensity_band
91-99,4.5-5.5,850.4852601242608,123,114.8259412144546,1.0711865167321304,0.7628124097749363,BonusMalus_band,LogDensity_band
91-99,5.5-6.5,903.1230833146194,125,127.34188124057471,0.9816094970660091,-0.20752921198194574,BonusMalus_band,LogDensity_band
91-99,6.5-7.5,1214.7307717643537,170,188.79244066950275,0.9004597821668054,-1.3677001271695808,BonusMalus_band,LogDensity_band
91-99,7.5-8.5,1186.4599026873268,177,193.0776938125251,0.9167294082757367,-1.1570648544184945,BonusMalus_band,LogDensity_band
91-99,8.5-9.5,367.18392020360807,54,59.516869388451674,0.9073057866595023,-0.715109689533571,BonusMalus_band,LogDensity_band
91-99,9.5+,204.26382064525788,26,33.627466602925615,0.7731774833652791,-1.315325499799526,BonusMalus_band,LogDensity_band
100-110,0-2.5,57.405556553634256,10,8.368971248520943,1.1948899934107566,0.563800658591765,BonusMalus_band,LogDensity_band
100-110,2.5-3.5,299.74473463582603,57,51.77303214664626,1.1009592762221931,0.7264371213747712,BonusMalus_band,LogDensity_band
100-110,3.5-4.5,617.1670881053972,133,117.05879148092795,1.1361812155874624,1.4733951113195813,BonusMalus_band,LogDensity_band
100-110,4.5-5.5,787.2881937270754,163,160.83533321671842,1.0134589007277697,0.17068695130233977,BonusMalus_band,LogDensity_band
100-110,5.5-6.5,871.298998428026,160,184.31554578810886,0.8680765331858535,-1.7910307361531899,BonusMalus_band,LogDensity_band
100-110,6.5-7.5,1178.8049060558426,307,272.99398042613035,1.1245669209291278,2.058160623316993,BonusMalus_band,LogDensity_band
100-110,7.5-8.5,1214.601443970357,287,294.4418098239761,0.9747257027511651,-0.433689420623182,BonusMalus_band,LogDensity_band
100-110,8.5-9.5,454.4231379594281,94,110.38293270769046,0.8515809255487461,-1.5593395105853607,BonusMalus_band,LogDensity_band
100-110,9.5+,277.3067048431769,55,66.29293792630448,0.8296509661578366,-1.3869899296626098,BonusMalus_band,LogDensity_band
111+,0-2.5,30.485479452054793,9,8.172440187091661,1.1012622660995999,0.28948330174305253,BonusMalus_band,LogDensity_band
111+,2.5-3.5,117.0354794520548,40,34.559093872362425,1.1574377542343137,0.9255290604486585,BonusMalus_band,LogDensity_band
111+,3.5-4.5,231.44019911670034,75,74.99165864118795,1.0001112304883395,0.0009632307169513955,BonusMalus_band,LogDensity_band
111+,4.5-5.5,333.08196496743767,129,119.43141099469211,1.080117859494544,0.8755654569981025,BonusMalus_band,LogDensity_band
111+,5.5-6.5,330.6001220151209,127,118.41375534862233,1.072510534152885,0.7890457439456524,BonusMalus_band,LogDensity_band
111+,6.5-7.5,454.4020098809791,197,184.3837103769147,1.0684241010081381,0.9291169331779034,BonusMalus_band,LogDensity_band
111+,7.5-8.5,458.7838827756569,191,197.0547012605816,0.9692740075631336,-0.43131972496063226,BonusMalus_band,LogDensity_band
111+,8.5-9.5,123.49643087057414,31,53.656188266637685,0.5777525575605444,-3.092978750495154,BonusMalus_band,LogDensity_band
111+,9.5+,56.01093644733887,16,23.99250683347172,0.666874875187221,-1.6317183692252946,BonusMalus_band,LogDensity_band
18-20,0-2.5,33.85369863013699,7,4.997531147818829,1.4006916201122925,0.8957524706105344,DrivAge_band,LogDensity_band
18-20,2.5-3.5,175.42287671232876,32,28.120435275539197,1.1379624705822202,0.731597111920381,DrivAge_band,LogDensity_band
18-20,3.5-4.5,356.1166898719964,76,70.41739358371409,1.0792787993444994,0.6652686178499976,DrivAge_band,LogDensity_band
18-20,4.5-5.5,405.15565611198446,93,87.63911726103939,1.0611699764500462,0.572647422847322,DrivAge_band,LogDensity_band
18-20,5.5-6.5,392.92034358859195,75,83.92052187892719,0.8937027358838772,-0.973769515962569,DrivAge_band,LogDensity_band
18-20,6.5-7.5,337.8375739202036,88,91.71551010267095,0.9594887484296645,-0.387969025157197,DrivAge_band,LogDensity_band
18-20,7.5-8.5,303.4938752900666,81,84.26997748511637,0.9611964120235595,-0.35621181763761384,DrivAge_band,LogDensity_band
18-20,8.5-9.5,51.80821917808219,15,15.797114038114836,0.9495405277070494,-0.20055411668818351,DrivAge_band,LogDensity_band
18-20,9.5+,5.13,2,1.727453201470568,1.1577737667784083,0.20736618583410468,DrivAge_band,LogDensity_band
21-22,0-2.5,65.3854794520548,5,6.7819364230884815,0.7372525615218034,-0.6842508536330069,DrivAge_band,LogDensity_band
21-22,2.5-3.5,254.95558649599522,32,31.229640180771625,1.0246675854979173,0.1378510671158406,DrivAge_band,LogDensity_band
21-22,3.5-4.5,451.9693771988921,76,66.63887020545472,1.1404755177523855,1.1467386601296876,DrivAge_band,LogDensity_band
21-22,4.5-5.5,620.6105427052923,88,94.8638440725053,0.9276453095527185,-0.7047207341525642,DrivAge_band,LogDensity_band
21-22,5.5-6.5,583.4502365446516,89,91.72056471259356,0.9703385525250695,-0.28407021548332584,DrivAge_band,LogDensity_band
21-22,6.5-7.5,655.1740047907778,129,123.0130530941528,1.0486692001804465,0.5397961813781029,DrivAge_band,LogDensity_band
21-22,7.5-8.5,508.6905277341118,95,97.11145459034682,0.9782574094966063,-0.21426267179427663,DrivAge_band,LogDensity_band
21-22,8.5-9.5,90.62188038026798,14,18.51182431874345,0.7562733828359006,-1.0486427792370758,DrivAge_band,LogDensity_band
21-22,9.5+,19.205479452054796,6,4.0839189905254685,1.469177036547435,0.9481461964328489,DrivAge_band,LogDensity_band
23-24,0-2.5,91.1119028370387,3,7.616645631156433,0.39387417313052947,-1.6728024840213567,DrivAge_band,LogDensity_band
23-24,2.5-3.5,371.70109813608804,29,35.206205834330625,0.8237184130679948,-1.0459635812505483,DrivAge_band,LogDensity_band
23-24,3.5-4.5,656.7031454450183,62,73.6991218728627,0.8412583274323853,-1.3627685693728744,DrivAge_band,LogDensity_band
23-24,4.5-5.5,830.3977034209147,99,99.70065952559017,0.9929723681977216,-0.07017105645924655,DrivAge_band,LogDensity_band
23-24,5.5-6.5,798.679591286773,98,101.6514699181548,0.9640785330394651,-0.36216868448608963,DrivAge_band,LogDensity_band
23-24,6.5-7.5,883.64523766749,144,130.89786625481148,1.1000943263634515,1.1451852475248234,DrivAge_band,LogDensity_band
23-24,7.5-8.5,819.3505576764728,133,128.65462049692553,1.033775541727849,0.38310252769908854,DrivAge_band,LogDensity_band
23-24,8.5-9.5,159.31199490979864,36,25.640977363930116,1.4040026434656196,2.0457449813435757,DrivAge_band,LogDensity_band
23-24,9.5+,67.41013698630137,10,10.801606967575879,0.9257881748537851,-0.24390308754447682,DrivAge_band,LogDensity_band
25-26,0-2.5,152.33547945205478,9,10.607753649768908,0.8484359928735776,-0.4936370991235427,DrivAge_band,LogDensity_band
25-26,2.5-3.5,536.8156635975747,52,40.45121246520842,1.285499168775832,1.8158109046791426,DrivAge_band,LogDensity_band
25-26,3.5-4.5,886.7149487237068,75,74.00414891381612,1.0134566926422413,0.11576209217277708,DrivAge_band,LogDensity_band
25-26,4.5-5.5,1070.6015165805825,90,98.78646975975533,0.9110559393293062,-0.8840273182390319,DrivAge_band,LogDensity_band
25-26,5.5-6.5,1031.9650183396961,95,101.0857565289073,0.9397961024591337,-0.6052984904367377,DrivAge_band,LogDensity_band
25-26,6.5-7.5,1211.8824852159594,144,141.4958843526523,1.017697445115129,0.21051472449895678,DrivAge_band,LogDensity_band
25-26,7.5-8.5,1211.2199797889064,149,146.5512522896201,1.0167091558217503,0.2022782911260923,DrivAge_band,LogDensity_band
25-26,8.5-9.5,324.9074743618534,42,39.50804472346357,1.0630746293312885,0.3964582643579065,DrivAge_band,LogDensity_band
25-26,9.5+,132.37012950071113,13,16.97996475249074,0.765608185263934,-0.965852556512578,DrivAge_band,LogDensity_band
27-29,0-2.5,284.9628018564264,16,14.960062472620383,1.0695142503103106,0.26886888549133425,DrivAge_band,LogDensity_band
27-29,2.5-3.5,1193.6495763155924,55,70.0777380012573,0.7848426842631995,-1.8011345412637205,DrivAge_band,LogDensity_band
27-29,3.5-4.5,2056.184851411034,117,130.11936874743967,0.8991743591001873,-1.150116847177528,DrivAge_band,LogDensity_band
27-29,4.5-5.5,2406.2804229358485,178,171.85054048130885,1.0357837659484113,0.4690957472905443,DrivAge_band,LogDensity_band
27-29,5.5-6.5,2022.3953843850588,156,158.82176211963306,0.9822331519183903,-0.22390582596699315,DrivAge_band,LogDensity_band
27-29,6.5-7.5,2413.8759473014447,231,220.12809397377572,1.049388998150865,0.7327704597113415,DrivAge_band,LogDensity_band
27-29,7.5-8.5,2499.990993337825,264,244.19892114152753,1.0810858572425739,1.2671177741500774,DrivAge_band,LogDensity_band
27-29,8.5-9.5,781.3788838984954,75,77.41019906947702,0.9688645798816017,-0.2739389723955679,DrivAge_band,LogDensity_band
27-29,9.5+,340.72022157347106,29,33.667857575701305,0.8613556694183541,-0.804470004930931,DrivAge_band,LogDensity_band
30-34,0-2.5,588.7655715248147,32,28.10334640306481,1.1386544342815432,0.7350430600136221,DrivAge_band,LogDensity_band
30-34,2.5-3.5,2732.729967063403,127,134.783403994757,0.9422525046551,-0.6704267938818574,DrivAge_band,LogDensity_band
30-34,3.5-4.5,5059.910397484841,283,277.13516624730534,1.0211623585419005,0.35229776420403813,DrivAge_band,LogDensity_band
30-34,4.5-5.5,5690.618937794745,365,357.4147454032774,1.0212225564117787,0.4012212526482744,DrivAge_band,LogDensity_band
30-34,5.5-6.5,4734.011844449435,303,318.67205083431014,0.9508207550888778,-0.877917778747017,DrivAge_band,LogDensity_band
30-34,6.5-7.5,5027.676783441874,412,406.9897366695483,1.0123105397483765,0.24835266432909206,DrivAge_band,LogDensity_band
30-34,7.5-8.5,4929.452437308182,439,438.1745864021026,1.0018837550682138,0.03943192930116103,DrivAge_band,LogDensity_band
30-34,8.5-9.5,1600.768968485665,136,142.7746781057809,0.952549862513004,-0.5669739037640498,DrivAge_band,LogDensity_band
30-34,9.5+,619.534012276368,62,54.740359169798396,1.1326195322848178,0.9812085259806418,DrivAge_band,LogDensity_band
35-44,0-2.5,1625.7641717194401,74,75.72671065596113,0.9771981294182199,-0.1984243757944223,DrivAge_band,LogDensity_band
35-44,2.5-3.5,6131.315396362003,318,300.13721810895123,1.059515384341853,1.0310724172726462,DrivAge_band,LogDensity_band
35-44,3.5-4.5,10741.625594730145,612,597.9453022364232,1.0235049890199148,0.5747656188491908,DrivAge_band,LogDensity_band
35-44,4.5-5.5,12972.094179953589,803,814.3006523054352,0.9861222605269431,-0.3960145307566752,DrivAge_band,LogDensity_band
35-44,5.5-6.5,11781.884697956433,775,780.2861532457467,0.9932253658177094,-0.18923993889098195,DrivAge_band,LogDensity_band
35-44,6.5-7.5,11177.89119619732,885,922.3633425959238,0.9594917307849992,-1.2302537708326644,DrivAge_band,LogDensity_band
35-44,7.5-8.5,10685.805111909574,969,963.4780571302991,1.0057312596055876,0.1778979710774657,DrivAge_band,LogDensity_band
35-44,8.5-9.5,3374.8042607979637,347,333.76009068579174,1.0396689409060371,0.7247159306836148,DrivAge_band,LogDensity_band
35-44,9.5+,1334.9188142825062,142,136.01380021956734,1.0440117088910768,0.5132863548743811,DrivAge_band,LogDensity_band
45-54,0-2.5,1729.1170184894079,96,88.62771779450674,1.0831825797724672,0.7830998995425702,DrivAge_band,LogDensity_band
45-54,2.5-3.5,6495.468076203309,351,358.0867491175945,0.9802094069801304,-0.3745009581032239,DrivAge_band,LogDensity_band
45-54,3.5-4.5,11094.926347031964,667,682.0157648195872,0.9779832584609547,-0.5749767065229163,DrivAge_band,LogDensity_band
45-54,4.5-5.5,13605.474434463658,960,922.2936986059225,1.040883182278131,1.24159316723644,DrivAge_band,LogDensity_band
45-54,5.5-6.5,12663.698556029643,923,905.8794097960034,1.018899414225401,0.5688313687277422,DrivAge_band,LogDensity_band
45-54,6.5-7.5,11663.62815255633,1017,991.4552936371326,1.025764859521963,0.8112680019383693,DrivAge_band,LogDensity_band
45-54,7.5-8.5,10060.970685680066,917,953.3299408781398,0.9618915347978316,-1.1766385544216316,DrivAge_band,LogDensity_band
45-54,8.5-9.5,3105.354769069541,302,331.16768232222313,0.9119247321547419,-1.602794881747256,DrivAge_band,LogDensity_band
45-54,9.5+,1363.159910172917,142,143.63449797639166,0.9886204359021027,-0.1363813568279491,DrivAge_band,LogDensity_band
55-64,0-2.5,1342.1440197619581,57,59.05460330878758,0.9652084140156802,-0.26736287640835793,DrivAge_band,LogDensity_band
55-64,2.5-3.5,3895.3644382064526,198,188.52640207742738,1.050250775584641,0.6899678566326979,DrivAge_band,LogDensity_band
55-64,3.5-4.5,6898.463667939217,351,358.36637993061896,0.9794445563446964,-0.38912621038346584,DrivAge_band,LogDensity_band
55-64,4.5-5.5,8535.237682461262,482,503.2648270311804,0.9577462483189533,-0.9479022739269621,DrivAge_band,LogDensity_band
55-64,5.5-6.5,7835.104763829628,517,493.28534445803183,1.0480749241963052,1.0677454132524327,DrivAge_band,LogDensity_band
55-64,6.5-7.5,7337.090402724755,549,528.8936690997809,1.0380158282749756,0.8742761707507327,DrivAge_band,LogDensity_band
55-64,7.5-8.5,6210.256758739427,508,521.8892820671015,0.973386535143836,-0.6079818419740464,DrivAge_band,LogDensity_band
55-64,8.5-9.5,1911.3164031738902,171,168.32549724529332,1.015888874819774,0.20614276478856874,DrivAge_band,LogDensity_band
55-64,9.5+,946.5532352721012,72,83.5094271147601,0.8621781095570965,-1.2594645699149498,DrivAge_band,LogDensity_band
65-74,0-2.5,871.2219499962572,32,35.590405675165364,0.8991187201423019,-0.6018344620566561,DrivAge_band,LogDensity_band
65-74,2.5-3.5,2926.0186623250243,122,129.74975015022554,0.9402715601282253,-0.6803532067015067,DrivAge_band,LogDensity_band
65-74,3.5-4.5,3991.4090455872447,205,195.47193111521116,1.0487439236438145,0.6814950199327598,DrivAge_band,LogDensity_band
65-74,4.5-5.5,4758.122774159742,248,251.67306390328787,0.985405415079703,-0.23153151633030947,DrivAge_band,LogDensity_band
65-74,5.5-6.5,4624.731122838536,250,253.38663557964844,0.9866345138057453,-0.2127534514050549,DrivAge_band,LogDensity_band
65-74,6.5-7.5,3998.5392349726776,247,263.0073308268843,0.9391373207105752,-0.9870405474935574,DrivAge_band,LogDensity_band
65-74,7.5-8.5,3318.7190358559774,254,239.19519996962464,1.0618942187479323,0.957252073175842,DrivAge_band,LogDensity_band
65-74,8.5-9.5,785.0765229433341,65,60.387412843927315,1.0763832550335286,0.5935692218323644,DrivAge_band,LogDensity_band
65-74,9.5+,579.4883262220226,51,44.77101060558341,1.1391299707145714,0.9309345369179057,DrivAge_band,LogDensity_band
75+,0-2.5,504.3192402125908,23,21.869292346843615,1.0517029831246267,0.241787011044909,DrivAge_band,LogDensity_band
75+,2.5-3.5,1330.8866225016843,64,63.96462315053729,1.0005530689890794,0.004423328878701098,DrivAge_band,LogDensity_band
75+,3.5-4.5,2013.541128078449,114,112.25134235928684,1.0155780554954628,0.16504752579058754,DrivAge_band,LogDensity_band
75+,4.5-5.5,2421.0601916311102,137,140.01416238436522,0.9784724464080228,-0.25473033243872645,DrivAge_band,LogDensity_band
75+,5.5-6.5,2192.5775664346133,145,138.236496606061,1.0489270457512625,0.5752549347846341,DrivAge_band,LogDensity_band
75+,6.5-7.5,1764.5774593906729,106,132.14247134533852,0.8021645041205692,-2.2741831021531347,DrivAge_band,LogDensity_band
75+,7.5-8.5,1743.9423235272102,153,145.07100276504403,1.0546559759278546,0.6583062220621791,DrivAge_band,LogDensity_band
75+,8.5-9.5,377.71834119320306,45,34.523311308856506,1.3034670862657325,1.7830676349523216,DrivAge_band,LogDensity_band
75+,9.5+,261.533698630137,24,22.585348324460185,1.0626358139452616,0.2976707226894586,DrivAge_band,LogDensity_band
0,B1,1541.342947825436,118,112.80144844886306,1.0460858581394337,0.4894688032104091,VehAge_band,VehBrand_grp
0,B2,1796.5607186166628,152,127.16143851536962,1.1953309255905296,2.2026663853453003,VehAge_band,VehBrand_grp
0,B3,753.6763133468074,63,62.894170117015456,1.0016826660211533,0.01334452502417129,VehAge_band,VehBrand_grp
0,B4,321.2067370312149,26,24.642414715655566,1.0550914064230057,0.27347994927180835,VehAge_band,VehBrand_grp
0,B5,307.1074743618534,26,23.414283259074054,1.11043330740965,0.5343680863645894,VehAge_band,VehBrand_grp
0,B6,306.813008458717,25,25.202734241370603,0.9919558632238477,-0.04038343678780463,VehAge_band,VehBrand_grp
0,B10,285.73022157347106,27,23.38262963846797,1.1547033168408443,0.7480769968196918,VehAge_band,VehBrand_grp
0,B11,257.72028370387005,19,25.55799182285837,0.7434073902084481,-1.2972016947332767,VehAge_band,VehBrand_grp
0,B12,7694.719155625421,470,507.751581270507,0.9256495052638848,-1.6753652570507895,VehAge_band,VehBrand_grp
0,B13,120.24554906804401,16,9.50311187238338,1.6836590176841937,2.107523702198976,VehAge_band,VehBrand_grp
1,B1,3701.555957032712,314,272.52274796007595,1.1521973939804848,2.51251461089248,VehAge_band,VehBrand_grp
1,B2,3962.641259824837,300,289.38259300002585,1.036689860609457,0.6241403550988541,VehAge_band,VehBrand_grp
1,B3,1603.6187319410135,142,135.08505936347964,1.051189529538674,0.5949559294362358,VehAge_band,VehBrand_grp
1,B4,740.1477183920953,61,56.572713355051384,1.0782583401500099,0.5886188106083466,VehAge_band,VehBrand_grp
1,B5,691.8928168276069,57,55.13028090317865,1.0339145577746103,0.2518148056239742,VehAge_band,VehBrand_grp
1,B6,663.046522943334,60,53.426598988084336,1.1230361119071368,0.8993140177449374,VehAge_band,VehBrand_grp
1,B10,547.4129388427277,60,46.06419615032729,1.3025300561892839,2.0532899263582634,VehAge_band,VehBrand_grp
1,B11,449.4683337076128,32,43.68290590588596,0.7325519980045153,-1.767645281732296,VehAge_band,VehBrand_grp
1,B12,13604.309751478404,830,907.9219417325709,0.9141755054582403,-2.5860416204907346,VehAge_band,VehBrand_grp
1,B13,245.7236836589565,22,18.842591210764585,1.1675676531915429,0.72737856785757,VehAge_band,VehBrand_grp
2-4,B1,13069.907771539785,998,987.5639943607804,1.0105674221608034,0.33208685198628146,VehAge_band,VehBrand_grp
2-4,B2,13483.87664870125,1028,1019.4198753501232,1.0084166738920308,0.26873055488907227,VehAge_band,VehBrand_grp
2-4,B3,5286.85217830676,432,456.8793349880042,0.9455450639091448,-1.1639598776395799,VehAge_band,VehBrand_grp
2-4,B4,2424.498901115353,203,193.15271945316073,1.0509818374533797,0.7085424872206231,VehAge_band,VehBrand_grp
2-4,B5,2668.661409536642,212,222.71307968090755,0.9518973932907006,-0.7178628410330784,VehAge_band,VehBrand_grp
2-4,B6,2582.898624897073,221,214.30174857877745,1.031256167836448,0.4575605649883504,VehAge_band,VehBrand_grp
2-4,B10,1575.0232524889589,115,135.17042498150872,0.8507778237416356,-1.7348990494541203,VehAge_band,VehBrand_grp
2-4,B11,1069.852253911221,73,104.6808415399662,0.6973577870228457,-3.0964431195541002,VehAge_band,VehBrand_grp
2-4,B12,20369.146483269706,1384,1328.997165320718,1.041386720840754,1.5087700170408953,VehAge_band,VehBrand_grp
2-4,B13,960.7812725503406,77,79.54252462348015,0.9680356559523933,-0.28507916762617214,VehAge_band,VehBrand_grp
5-7,B1,13554.638401826483,1042,1074.1998511468648,0.9700243384762278,-0.9824519525627022,VehAge_band,VehBrand_grp
5-7,B2,14020.727657010255,1094,1097.2093026351731,0.9970750315117951,-0.09688709448112376,VehAge_band,VehBrand_grp
5-7,B3,4445.236848566509,413,388.49961588911964,1.0630641141170984,1.24301851131884,VehAge_band,VehBrand_grp
5-7,B4,2466.716121715697,217,209.32793111569052,1.0366509564367181,0.5302722531476888,VehAge_band,VehBrand_grp
5-7,B5,3318.2681615390375,284,298.67889235905074,0.9508539346616941,-0.8493584655325844,VehAge_band,VehBrand_grp
5-7,B6,2876.551601167752,257,246.12317050344055,1.0441926271074402,0.6933077744066176,VehAge_band,VehBrand_grp
5-7,B10,1276.229529156374,97,114.75399134848719,0.8452865025446347,-1.6573418764143841,VehAge_band,VehBrand_grp
5-7,B11,946.9239898195973,102,95.40469359770935,1.0691297896736707,0.6752274760580809,VehAge_band,VehBrand_grp
5-7,B12,5672.441140055394,397,379.7168800379014,1.045515806303827,0.8869358153331539,VehAge_band,VehBrand_grp
5-7,B13,1248.5213399206527,112,110.83403914094171,1.0105198806079385,0.11075093241513852,VehAge_band,VehBrand_grp
8-10,B1,14309.750747810465,1059,1137.699002333984,0.9308261656443986,-2.333219182032006,VehAge_band,VehBrand_grp
8-10,B2,14332.644376824612,1064,1087.213712961765,0.9786484361951924,-0.7040234892740542,VehAge_band,VehBrand_grp
8-10,B3,4028.9723108017065,367,360.9701066705947,1.0167046888869054,0.3173759475589493,VehAge_band,VehBrand_grp
8-10,B4,2212.4750632532373,179,188.83101218762576,0.9479375126271234,-0.715420818735981,VehAge_band,VehBrand_grp
8-10,B5,3479.2907665244406,339,298.9552500525901,1.1339489771140179,2.316021004706603,VehAge_band,VehBrand_grp
8-10,B6,2520.0799199041844,218,214.8043637818384,1.0148769613517126,0.21803980487911626,VehAge_band,VehBrand_grp
8-10,B10,1073.0421244105098,90,94.86198497725825,0.9487467505721725,-0.499191875688865,VehAge_band,VehBrand_grp
8-10,B11,987.3167744591661,118,97.46174670938107,1.2107314303719743,2.0803979170519358,VehAge_band,VehBrand_grp
8-10,B12,3029.9019919155626,235,197.50849128395262,1.1898222626901993,2.6677186913446174,VehAge_band,VehBrand_grp
8-10,B13,1188.7204506325324,104,95.186630033767,1.092590419086236,0.9033457913421417,VehAge_band,VehBrand_grp
11-13,B1,13257.753440377273,1002,953.6665224959739,1.0506817387041392,1.565127687289903,VehAge_band,VehBrand_grp
11-13,B2,13698.721896100007,919,963.6709672141337,0.9536450004888364,-1.439000577961793,VehAge_band,VehBrand_grp
11-13,B3,3385.5183606557375,275,268.39943927770577,1.0245923044401923,0.40289328457872686,VehAge_band,VehBrand_grp
11-13,B4,1505.622101953739,110,113.3371949810354,0.9705551652165575,-0.31346954374663055,VehAge_band,VehBrand_grp
11-13,B5,2737.1769436335053,198,221.00011717218726,0.8959271267975517,-1.5471548979021132,VehAge_band,VehBrand_grp
11-13,B6,2026.8679175087955,145,152.54546246709208,0.9505363034399019,-0.6109226349365785,VehAge_band,VehBrand_grp
11-13,B10,955.7120944681488,83,78.50866241884155,1.0572081785981435,0.5068937191241044,VehAge_band,VehBrand_grp
11-13,B11,824.5484482371435,91,79.65444821239701,1.1424346291038299,1.271219674503791,VehAge_band,VehBrand_grp
11-13,B12,1438.8230533722583,92,80.12667512192802,1.1481819239348752,1.3264283335093994,VehAge_band,VehBrand_grp
11-13,B13,790.4082962796616,55,58.5433043064318,0.9394754985491566,-0.46309472749688185,VehAge_band,VehBrand_grp
14-16,B1,10081.676275170297,634,637.5058130940207,0.9945007354881897,-0.13885025579014215,VehAge_band,VehBrand_grp
14-16,B2,9676.212835541583,624,596.7257138040322,1.0457065709840094,1.1165187405745556,VehAge_band,VehBrand_grp
14-16,B3,2055.8405876188335,145,143.778052816907,1.0084988435936677,0.10190749721600584,VehAge_band,VehBrand_grp
14-16,B4,895.9785328243132,55,62.6677996751083,0.8776437067383753,-0.9686090778631705,VehAge_band,VehBrand_grp
14-16,B5,1661.252094468149,111,116.0660429838664,0.9563520659994362,-0.47023644031893097,VehAge_band,VehBrand_grp
14-16,B6,1074.5967520023953,51,67.3910147829725,0.7567774452460987,-1.9966633393047355,VehAge_band,VehBrand_grp
14-16,B10,880.8130833146193,74,64.77801072976996,1.1423629587623614,1.1458052531668275,VehAge_band,VehBrand_grp
14-16,B11,569.6166823864062,55,48.902002396805614,1.1246983212203334,0.8720149447824603,VehAge_band,VehBrand_grp
14-16,B12,1208.9657257279737,53,60.37259349450016,0.8778817826474228,-0.9488561402096564,VehAge_band,VehBrand_grp
14-16,B13,577.5283411932031,34,37.49413972267951,0.9068083772951331,-0.5706352168540227,VehAge_band,VehBrand_grp
17-19,B1,4505.133020435661,251,242.47653975860206,1.0351516903444906,0.5473701079426949,VehAge_band,VehBrand_grp
17-19,B2,3462.255740699154,193,189.96796802447224,1.0159607538421276,0.2199852631492806,VehAge_band,VehBrand_grp
17-19,B3,794.4447570925968,33,50.31772393505687,0.6558325261808705,-2.4413515312272414,VehAge_band,VehBrand_grp
17-19,B4,295.98917808219176,16,18.479455206348806,0.8658263905151834,-0.5767819818542705,VehAge_band,VehBrand_grp
17-19,B5,684.6910734336402,45,40.1021700048328,1.1221337896322556,0.7734277847894413,VehAge_band,VehBrand_grp
17-19,B6,302.5028317987873,15,16.522661424164916,0.9078440582255123,-0.37459617930192574,VehAge_band,VehBrand_grp
17-19,B10,503.65107343364025,42,33.64380191617306,1.2483725859713255,1.4406424007951215,VehAge_band,VehBrand_grp
17-19,B11,291.89821169249194,25,21.505937017690478,1.162469692877616,0.7534449811571344,VehAge_band,VehBrand_grp
17-19,B12,394.41819672131146,16,16.578840186020884,0.9650856043290075,-0.14216137057936667,VehAge_band,VehBrand_grp
17-19,B13,189.6991481398308,5,11.066052896929357,0.4518322880407897,-1.8235170240865055,VehAge_band,VehBrand_grp
20+,B1,2317.547987124785,99,97.97634674482296,1.0104479630970842,0.10341707515831142,VehAge_band,VehBrand_grp
20+,B2,1481.9321318961,60,63.158436974103665,0.9499918439178808,-0.3974262311127845,VehAge_band,VehBrand_grp
20+,B3,473.5446201062954,19,22.79811491463957,0.8334022383490729,-0.795460522761472,VehAge_band,VehBrand_grp
20+,B4,60.08547945205479,3,2.5685568301467354,1.16797104303455,0.2692024503053146,VehAge_band,VehBrand_grp
20+,B5,324.30009955835015,20,16.040348830624712,1.2468556769672867,0.9886669661571813,VehAge_band,VehBrand_grp
20+,B6,164.0982191780822,7,8.445651078379242,0.828828936340966,-0.497447115546974,VehAge_band,VehBrand_grp
20+,B10,483.9347271502358,31,28.060891801766513,1.1047403702988678,0.5548362650651213,VehAge_band,VehBrand_grp
20+,B11,121.60095890410959,10,7.724990945715713,1.294499899128815,0.8185291302109312,VehAge_band,VehBrand_grp
20+,B12,152.85273224043715,7,5.248437853964391,1.33373018691887,0.7645581484730125,VehAge_band,VehBrand_grp
20+,B13,131.6482191780822,2,6.008030772818111,0.33288777564997146,-1.6351777652958877,VehAge_band,VehBrand_grp
18-20,4,509.9566674152257,90,100.15883607961216,0.8985727422836931,-1.0150777729536486,DrivAge_band,VehPower_band
18-20,5,464.115830526237,109,108.57004572424728,1.0039601556109201,0.041263613966316476,DrivAge_band,VehPower_band
18-20,6,490.04038101654317,112,119.86185744813095,0.9344090137136988,-0.7180995641728326,DrivAge_band,VehPower_band
18-20,7,374.25216408413803,107,86.53836095535189,1.236445881557717,2.1995613840099186,DrivAge_band,VehPower_band
18-20,8,74.34916311101131,17,16.330974931246665,1.0409666337478276,0.16555272561855636,DrivAge_band,VehPower_band
18-20,9,99.41915562542107,21,23.106594250296908,0.9088314691694628,-0.43824091873720117,DrivAge_band,VehPower_band
18-20,10,27.74640092821319,7,6.994789609659232,1.0007448959341925,0.0019700757803683836,DrivAge_band,VehPower_band
18-20,11,15.205479452054796,3,4.748153408013909,0.6318245730933241,-0.8022637517013227,DrivAge_band,VehPower_band
18-20,12+,6.653691144546747,3,2.295441567852431,1.306938081986003,0.4650331319491551,DrivAge_band,VehPower_band
21-22,4,799.3559076278165,103,115.79879850432692,0.8894738229615682,-1.1893705349336905,DrivAge_band,VehPower_band
21-22,5,812.7350632532375,122,133.0068751325746,0.9172458181458402,-0.9543924488212951,DrivAge_band,VehPower_band
21-22,6,747.840535219702,129,133.20433119026444,0.9684369783422498,-0.36428202867376125,DrivAge_band,VehPower_band
21-22,7,547.9039202036081,92,90.67238933484585,1.0146418405304332,0.13942260808667045,DrivAge_band,VehPower_band
21-22,8,122.07746687626319,28,21.114308621797097,1.3261149347364631,1.4985081896399723,DrivAge_band,VehPower_band
21-22,9,130.07283179878735,41,22.08414918667778,1.8565351851876262,4.025182204493414,DrivAge_band,VehPower_band
21-22,10,59.3727397260274,8,11.991182134058553,0.6671569083483104,-1.1525785877088974,DrivAge_band,VehPower_band
21-22,11,12.640958904109588,2,2.1718046172749412,0.9208931522161915,-0.1165801085405407,DrivAge_band,VehPower_band
21-22,12+,18.06369114454675,9,3.9112678663620324,2.3010441390124283,2.5730653154309717,DrivAge_band,VehPower_band
23-24,4,1138.8095216707839,117,132.30004740702404,0.8843534246064697,-1.3301872371891836,DrivAge_band,VehPower_band
23-24,5,1108.468968485665,130,145.8319769359794,0.8914368626921262,-1.3110183392904247,DrivAge_band,VehPower_band
23-24,6,1092.3362512164083,168,155.19627604423354,1.0825002009205245,1.0277693315533725,DrivAge_band,VehPower_band
23-24,7,823.4742510666966,120,106.59741052111953,1.125730910472962,1.2981216344684288,DrivAge_band,VehPower_band
23-24,8,169.8947271502358,23,22.22282276568225,1.0349720304442114,0.1648619601336473,DrivAge_band,VehPower_band
23-24,9,167.14655288569503,28,25.2325726094411,1.109676782997681,0.5509287915658131,DrivAge_band,VehPower_band
23-24,10,104.85739726027397,17,14.972471580459217,1.1354170825200922,0.5239866251163159,DrivAge_band,VehPower_band
23-24,11,27.063698630136987,7,4.613850670926497,1.5171709054455258,1.1108766848958427,DrivAge_band,VehPower_band
23-24,12+,46.26,4,6.901745330472146,0.5795635463886873,-1.1045358826343739,DrivAge_band,VehPower_band
25-26,4,1416.1218055243655,126,127.7381448148402,0.986392907010199,-0.15378913526407192,DrivAge_band,VehPower_band
25-26,5,1547.0680417695935,151,158.7643094947583,0.9510953720047852,-0.6162066759463647,DrivAge_band,VehPower_band
25-26,6,1595.3081241110863,181,172.85752967025897,1.047105094844717,0.6193156199812381,DrivAge_band,VehPower_band
25-26,7,1142.8205748933303,122,116.77965996035512,1.0447024767961912,0.48307569747447815,DrivAge_band,VehPower_band
25-26,8,267.88379070289693,30,25.4951247587672,1.1766955558702914,0.8921835208497984,DrivAge_band,VehPower_band
25-26,9,261.66191032262896,29,28.425905646393616,1.0201961675644702,0.10767778676798065,DrivAge_band,VehPower_band
25-26,10,168.45736731791303,15,18.959282765138006,0.7911691695205757,-0.9092966006461485,DrivAge_band,VehPower_band
25-26,11,75.39820420690171,8,9.696215711426332,0.8250641526644816,-0.5447283109424225,DrivAge_band,VehPower_band
25-26,12+,84.09287671232876,7,10.754314613745068,0.6509015452322098,-1.1448255021489242,DrivAge_band,VehPower_band
27-29,4,2620.404144022756,162,185.00805865284883,0.8756375326546104,-1.6915492729730697,DrivAge_band,VehPower_band
27-29,5,3139.975334231604,240,253.81142450131256,0.9455839132204188,-0.8669277214468682,DrivAge_band,VehPower_band
27-29,6,3610.9325945055766,304,300.169345169253,1.0127616456923243,0.2211005647201823,DrivAge_band,VehPower_band
27-29,7,2582.8302709783666,228,202.53946347356273,1.125706546713355,1.789009816688457,DrivAge_band,VehPower_band
27-29,8,636.6713099782918,60,50.774772580501434,1.1816891923025814,1.2946521226400252,DrivAge_band,VehPower_band
27-29,9,551.9721019537391,41,50.83262076903657,0.8065686832533752,-1.3791072410893053,DrivAge_band,VehPower_band
27-29,10,442.35943708361407,46,41.11697336063182,1.118759389134501,0.7615151087265836,DrivAge_band,VehPower_band
27-29,11,171.54475709259674,16,16.21937657489629,0.9864744138664471,-0.05447198141653759,DrivAge_band,VehPower_band
27-29,12+,242.74913316865036,24,20.76250850069762,1.1559296892855504,0.7105075957024181,DrivAge_band,VehPower_band
30-34,4,4923.224818474437,280,301.8951059122328,0.9274744588983229,-1.2601406285661978,DrivAge_band,VehPower_band
30-34,5,6403.105545325249,412,446.4991147404228,0.9227341922940223,-1.6326671325043474,DrivAge_band,VehPower_band
30-34,6,7853.558501384834,566,561.2530113210819,1.0084578409080507,0.20037284007221987,DrivAge_band,VehPower_band
30-34,7,6463.829365970507,454,447.2074347407347,1.0151888469009984,0.3212027923104373,DrivAge_band,VehPower_band
30-34,8,1613.8234890336103,119,112.39952901626397,1.0587232975218335,0.622576438168166,DrivAge_band,VehPower_band
30-34,9,1308.1223534695712,116,98.8998784544248,1.1729033626007468,1.7194965879906348,DrivAge_band,VehPower_band
30-34,10,1260.2224627591886,103,99.25206288147736,1.0377618057470328,0.37620323419894497,DrivAge_band,VehPower_band
30-34,11,589.6693000973127,57,47.721907054654324,1.1944199953015244,1.3430736341843708,DrivAge_band,VehPower_band
30-34,12+,567.9130833146194,52,43.6600291086523,1.1910207359365899,1.262183575140706,DrivAge_band,VehPower_band
35-44,4,10436.663928437758,650,630.9217175977857,1.030238747328043,0.7595415466013739,DrivAge_band,VehPower_band
35-44,5,12286.105046784938,913,867.3083196982393,1.0526821653430676,1.5514949746808522,DrivAge_band,VehPower_band
35-44,6,16169.442575791601,1133,1173.6099063757772,0.965397440703969,-1.1854141442441528,DrivAge_band,VehPower_band
35-44,7,15676.220819672131,1124,1098.0675019707935,1.0236164880416398,0.7825819635006944,DrivAge_band,VehPower_band
35-44,8,4926.750288195224,293,338.74676046174716,0.8649529211751293,-2.48555152150585,DrivAge_band,VehPower_band
35-44,9,3301.845052773411,225,257.49445918316894,0.873805210076175,-2.0250015926680924,DrivAge_band,VehPower_band
35-44,10,3325.3975686802905,263,255.99343574489225,1.0273700934350913,0.4379158804168559,DrivAge_band,VehPower_band
35-44,11,1986.6664428475185,178,163.45788718242318,1.088965500951003,1.1374297128621726,DrivAge_band,VehPower_band
35-44,12+,1717.0117007261022,146,138.41133896927226,1.0548268739197186,0.6450291168243429,DrivAge_band,VehPower_band
45-54,4,11773.806354517554,830,756.2675320812502,1.0974952180160873,2.681149573336532,DrivAge_band,VehPower_band
45-54,5,13175.312680589865,999,984.7838039160338,1.014435854882498,0.4530153900799317,DrivAge_band,VehPower_band
45-54,6,15596.663878284302,1198,1198.233122564904,0.9998054447331542,-0.006734628632871157,DrivAge_band,VehPower_band
45-54,7,15739.233624522794,1128,1176.3521244562482,0.95889655533321,-1.4097655379917409,DrivAge_band,VehPower_band
45-54,8,5182.344696459316,393,390.76846328154716,1.0057106366765454,0.11288709150941187,DrivAge_band,VehPower_band
45-54,9,3190.830051650573,263,258.1892434401472,1.018632676155496,0.29939483803610445,DrivAge_band,VehPower_band
45-54,10,3418.803202335504,282,289.60442459533226,0.9737420289556763,-0.44685205698640074,DrivAge_band,VehPower_band
45-54,11,1969.4617456396436,146,178.04005520438037,0.8200401860828446,-2.401233510609844,DrivAge_band,VehPower_band
45-54,12+,1735.3417156972828,136,144.2519854076581,0.9427946493468503,-0.6870645667109871,DrivAge_band,VehPower_band
55-64,4,7177.129423609552,400,396.84226174000037,1.0079571622391077,0.15851383423365542,DrivAge_band,VehPower_band
55-64,5,7718.720196122465,525,503.5988482820534,1.0424964270489363,0.9536626671653536,DrivAge_band,VehPower_band
55-64,6,9658.410320383262,635,644.234227416656,0.9856663508027433,-0.36381338127952034,DrivAge_band,VehPower_band
55-64,7,10238.340020959653,629,649.8338593180877,0.967939714098693,-0.8172756488269433,DrivAge_band,VehPower_band
55-64,8,3412.6621116850065,222,225.94665409151332,0.9825328057749647,-0.2625585145362712,DrivAge_band,VehPower_band
55-64,9,1967.2279399655663,144,138.5159786824177,1.0395912541624945,0.4659606011423489,DrivAge_band,VehPower_band
55-64,10,2231.493541432742,157,157.31438210698323,0.9980015679254969,-0.02506534033770843,DrivAge_band,VehPower_band
55-64,11,1310.2559974548992,108,100.5479410620152,1.0741144856799065,0.7431726013821374,DrivAge_band,VehPower_band
55-64,12+,1197.291820495546,85,88.28127963325497,0.9628315352146422,-0.3492279005170538,DrivAge_band,VehPower_band
65-74,4,4394.275780372783,221,219.10237235452485,1.0086609178398336,0.12819983279262523,DrivAge_band,VehPower_band
65-74,5,5093.895439029868,301,289.34144654821586,1.0402934097097678,0.6853924940178191,DrivAge_band,VehPower_band
65-74,6,6085.213498764878,371,363.24368048531716,1.0213529372467538,0.40696462237250325,DrivAge_band,VehPower_band
65-74,7,6007.224935998203,317,334.97706532209844,0.9463334443365174,-0.9822256241691408,DrivAge_band,VehPower_band
65-74,8,1372.0362339995509,88,78.00236834583451,1.1281708730924627,1.1319916863525248,DrivAge_band,VehPower_band
65-74,9,947.4811505352197,58,59.89730336633218,0.9683240603549668,-0.24515070246739346,DrivAge_band,VehPower_band
65-74,10,976.7657010255259,62,60.511347891125986,1.0246012055714318,0.19137041713586514,DrivAge_band,VehPower_band
65-74,11,469.181095890411,24,32.560257455787365,0.7370949088037436,-1.5001784117488197,DrivAge_band,VehPower_band
65-74,12+,507.25283928437756,32,35.59689890032166,0.8989547120271997,-0.6028678836959648,DrivAge_band,VehPower_band
75+,4,2884.1178478928064,145,157.87524876609712,0.9184466921399904,-1.0247044092789523,DrivAge_band,VehPower_band
75+,5,2725.7004206901715,163,174.49660242412764,0.9341156087601966,-0.8703141111344211,DrivAge_band,VehPower_band
75+,6,3000.26950145969,232,207.20221482097944,1.1196791511154724,1.7227239708580777,DrivAge_band,VehPower_band
75+,7,2619.0839598772363,162,171.92366437556112,0.9422786594759682,-0.7568402808175358,DrivAge_band,VehPower_band
75+,8,428.77095141851936,36,27.819654271657207,1.2940491513108763,1.5509428483502383,DrivAge_band,VehPower_band
75+,9,340.98643087057417,23,25.251669385986897,0.9108308701666895,-0.44808414368370164,DrivAge_band,VehPower_band
75+,10,284.00737480350324,16,19.6073823607463,0.8160191761258133,-0.8146712089912794,DrivAge_band,VehPower_band
75+,11,153.60366868777604,23,12.433698465521276,1.849811627954397,2.996559011344914,DrivAge_band,VehPower_band
75+,12+,173.61641589939367,11,14.047915720116215,0.7830343105097302,-0.8131993210297503,DrivAge_band,VehPower_band
18-20,Aquitaine,72.03286922673853,21,16.78501411646743,1.2511160166018171,1.0288102182159689,DrivAge_band,Region_grp
18-20,Auvergne + Limousin,15.7,6,3.4820485213545633,1.723123604741131,1.349366573545287,DrivAge_band,Region_grp
18-20,Basse-Normandie,58.25013698630137,10,10.725226704678148,0.9323812237589516,-0.22144738035855052,DrivAge_band,Region_grp
18-20,Bourgogne,30.69095890410959,8,7.5203753427993325,1.0637766913668614,0.17489675163999951,DrivAge_band,Region_grp
18-20,Bretagne,127.51366120218579,34,26.596898746793077,1.2783445289499984,1.4354834485611545,DrivAge_band,Region_grp
18-20,Centre,765.9659772438057,160,151.23188894150832,1.0579779246286007,0.7129915021123543,DrivAge_band,Region_grp
18-20,Haute-Normandie,18.972732240437157,4,4.225250031574121,0.9466895379229892,-0.10958185646391319,DrivAge_band,Region_grp
18-20,Ile-de-France,99.46287671232876,28,28.117121666119353,0.9958345072617983,-0.022087766969665405,DrivAge_band,Region_grp
18-20,Languedoc-Roussillon,67.7019028370387,10,14.502474007273461,0.6895375227002424,-1.1823067428869234,DrivAge_band,Region_grp
18-20,Lorraine,33.965479452054794,2,6.906306510527496,0.2895903906018852,-1.866945979864245,DrivAge_band,Region_grp
18-20,Midi-Pyrenees,21.965479452054794,2,3.817894409944285,0.52384895579896,-0.9303721414263246,DrivAge_band,Region_grp
18-20,"Nord-Est small (Als, Ch-Ard, F-Comte)",19.762739726027398,5,4.692980823456222,1.0654209314065914,0.14172325317032022,DrivAge_band,Region_grp
18-20,Nord-Pas-de-Calais,70.15463507747586,15,17.523701054800362,0.8559835592430954,-0.6028718300325484,DrivAge_band,Region_grp
18-20,PACA + Corse,163.72832622202262,40,46.55402743199375,0.8592167467880648,-0.9605713422314585,DrivAge_band,Region_grp
18-20,Pays-de-la-Loire,135.03917808219177,33,30.53400424083916,1.0807622786618525,0.4462728276293488,DrivAge_band,Region_grp
18-20,Picardie,19.646430870574147,6,5.381786973147505,1.114871329901588,0.2664863083856884,DrivAge_band,Region_grp
18-20,Poitou-Charentes,90.61914813983083,21,18.609250656305647,1.1284710162622404,0.5542039316106463,DrivAge_band,Region_grp
18-20,Rhone-Alpes,250.5664009282132,64,71.39880379482918,0.8963735608779904,-0.8756207461113287,DrivAge_band,Region_grp
21-22,Aquitaine,114.85095141851934,20,19.373834613093866,1.032320157542944,0.14225949512332983,DrivAge_band,Region_grp
21-22,Auvergne + Limousin,26.03273224043716,6,4.711437725263302,1.2734966160811743,0.5936475568469455,DrivAge_band,Region_grp
21-22,Basse-Normandie,74.92834867879333,18,11.908753312913738,1.5114932291427157,1.7651151343418428,DrivAge_band,Region_grp
21-22,Bourgogne,56.57095890410959,12,10.129566658482089,1.1846508744726691,0.5876879717623281,DrivAge_band,Region_grp
21-22,Bretagne,243.16473463582602,39,36.3652936848681,1.0724511216096193,0.4369066578152058,DrivAge_band,Region_grp
21-22,Centre,1178.3550333108765,170,171.70704718204652,0.9900583743645845,-0.13027211530445573,DrivAge_band,Region_grp
21-22,Haute-Normandie,26.266438356164382,5,4.529636290666091,1.1038413857428586,0.22100502116554782,DrivAge_band,Region_grp
21-22,Ile-de-France,189.53105097686952,35,36.65733464749227,0.9547884573870499,-0.2737346453027374,DrivAge_band,Region_grp
21-22,Languedoc-Roussillon,120.47092896174864,11,17.23762420988854,0.6381389840074212,-1.5023824526298801,DrivAge_band,Region_grp
21-22,Lorraine,62.86821917808219,13,9.739302067294318,1.3347979054531511,1.0448324450290019,DrivAge_band,Region_grp
21-22,Midi-Pyrenees,38.31560895276593,5,5.276554814329444,0.9475879955651348,-0.12039431944704916,DrivAge_band,Region_grp
21-22,"Nord-Est small (Als, Ch-Ard, F-Comte)",29.90273224043716,3,4.464610071399608,0.6719511787195184,-0.6931548222137415,DrivAge_band,Region_grp
21-22,Nord-Pas-de-Calais,128.4010434912793,21,22.596147667293298,0.9293619562593125,-0.3357808046015441,DrivAge_band,Region_grp
21-22,PACA + Corse,216.5911655064002,36,41.732891879585544,0.862628933165547,-0.8874308274706476,DrivAge_band,Region_grp
21-22,Pays-de-la-Loire,215.28105097686952,36,36.66241327623294,0.9819320874694749,-0.10940029768714217,DrivAge_band,Region_grp
21-22,Picardie,44.48,9,8.772280720283813,1.0259589594744318,0.0768853403042432,DrivAge_band,Region_grp
21-22,Poitou-Charentes,119.39821917808219,26,19.203167089742816,1.353943330206591,1.5510298756355998,DrivAge_band,Region_grp
21-22,Rhone-Alpes,364.65389774683734,69,72.8872106773059,0.9466681377818699,-0.4553154777238773,DrivAge_band,Region_grp
23-24,Aquitaine,196.69013698630138,28,23.280949417161136,1.2027000917479895,0.9780347571046957,DrivAge_band,Region_grp
23-24,Auvergne + Limousin,62.843698630136984,7,7.791350831935828,0.8984321398168628,-0.283506279743267,DrivAge_band,Region_grp
23-24,Basse-Normandie,102.37642338498391,9,12.385661353561742,0.7266467040463586,-0.9620195891867115,DrivAge_band,Region_grp
23-24,Bourgogne,100.52915562542107,13,11.971125778543934,1.085946321214011,0.2973683815170649,DrivAge_band,Region_grp
23-24,Bretagne,356.473760760536,37,42.487799696226865,0.8708382233143928,-0.8419108972209575,DrivAge_band,Region_grp
23-24,Centre,1435.2400741073434,150,168.441138423508,0.890518797271829,-1.4209004237744258,DrivAge_band,Region_grp
23-24,Haute-Normandie,40.76547945205479,3,5.183297323050125,0.5787821560339591,-0.9589805999873001,DrivAge_band,Region_grp
23-24,Ile-de-France,370.2714245078224,65,54.96779639164835,1.1825105655841046,1.3531382614556267,DrivAge_band,Region_grp
23-24,Languedoc-Roussillon,153.5020248521596,16,16.14588254191619,0.9909647217154302,-0.036305500452041735,DrivAge_band,Region_grp
23-24,Lorraine,81.64821917808219,4,9.442509299631187,0.4236162097458813,-1.7711505126935745,DrivAge_band,Region_grp
23-24,Midi-Pyrenees,65.62547945205479,3,6.456826901024962,0.4646245045726373,-1.3604045040879842,DrivAge_band,Region_grp
23-24,"Nord-Est small (Als, Ch-Ard, F-Comte)",53.275479452054796,8,7.369779166348261,1.0855142086929064,0.2321483058122809,DrivAge_band,Region_grp
23-24,Nord-Pas-de-Calais,244.9529687850887,41,35.4497625698354,1.1565662793715679,0.9321909804700343,DrivAge_band,Region_grp
23-24,PACA + Corse,369.93652294333407,60,55.51341240288924,1.0808198848334039,0.602167329646395,DrivAge_band,Region_grp
23-24,Pays-de-la-Loire,277.2528243131971,32,37.827728318788985,0.845940304168507,-0.9475326127269759,DrivAge_band,Region_grp
23-24,Picardie,86.85189535144846,13,13.19740732037379,0.9850419619868034,-0.05433991352803593,DrivAge_band,Region_grp
23-24,Poitou-Charentes,148.3382042069017,17,20.323360189466886,0.8364758505244962,-0.7371903745867288,DrivAge_band,Region_grp
23-24,Rhone-Alpes,531.7375963769744,108,85.63338593942684,1.2611903501794766,2.417011327820022,DrivAge_band,Region_grp
25-26,Aquitaine,275.2737907028969,26,27.997767872510074,0.9286454591092026,-0.37755769009429735,DrivAge_band,Region_grp
25-26,Auvergne + Limousin,93.33367617336627,8,9.655268601560778,0.8285631741727825,-0.5327044161099447,DrivAge_band,Region_grp
25-26,Basse-Normandie,121.75189535144847,8,12.01611998219467,0.6657723135133716,-1.158576061508973,DrivAge_band,Region_grp
25-26,Bourgogne,106.51189535144846,6,9.297884869656656,0.6453080549083593,-1.0815420468510741,DrivAge_band,Region_grp
25-26,Bretagne,476.4030159443072,41,46.76537432658869,0.8767170281515151,-0.8430732357279593,DrivAge_band,Region_grp
25-26,Centre,1877.213543678419,192,166.87110972094666,1.1505886208887541,1.9452827382124849,DrivAge_band,Region_grp
25-26,Haute-Normandie,51.41547196646456,4,4.976251871925983,0.8038178337729236,-0.43763364475058103,DrivAge_band,Region_grp
25-26,Ile-de-France,646.8214245078225,71,71.91254749497878,0.9873103161163564,-0.10761012610387327,DrivAge_band,Region_grp
25-26,Languedoc-Roussillon,238.7319028370387,20,21.860475241448412,0.9148931932677808,-0.3979184675332735,DrivAge_band,Region_grp
25-26,Lorraine,121.1109589041096,9,11.501319913773314,0.7825188819608541,-0.7375566767516923,DrivAge_band,Region_grp
25-26,Midi-Pyrenees,139.83463507747587,12,10.256354504034245,1.1700063599868655,0.54445461140175,DrivAge_band,Region_grp
25-26,"Nord-Est small (Als, Ch-Ard, F-Comte)",52.47,4,5.9461560774711275,0.6727034991824805,-0.7981040497335229,DrivAge_band,Region_grp
25-26,Nord-Pas-de-Calais,383.72134740624296,48,45.04474565654396,1.0656070824772592,0.44032444339645604,DrivAge_band,Region_grp
25-26,PACA + Corse,600.9019799386182,66,66.08294063667647,0.9987449009399797,-0.010202877786689376,DrivAge_band,Region_grp
25-26,Pays-de-la-Loire,312.47379818848714,34,33.27850432407844,1.021680531940239,0.12506962079802433,DrivAge_band,Region_grp
25-26,Picardie,107.0320248521596,13,11.966264077950386,1.086387523734699,0.298834212401244,DrivAge_band,Region_grp
25-26,Poitou-Charentes,193.2818878658582,20,19.27859413558111,1.0374200452245346,0.16430167397747145,DrivAge_band,Region_grp
25-26,Rhone-Alpes,760.5294468148813,87,94.76280812776304,0.9180817001824502,-0.7974434422805199,DrivAge_band,Region_grp
27-29,Aquitaine,596.0130758290292,41,49.31183664932533,0.831443377207102,-1.1836448431926336,DrivAge_band,Region_grp
27-29,Auvergne + Limousin,194.3628467699678,14,14.736653233514598,0.9500121756384091,-0.19189500371902793,DrivAge_band,Region_grp
27-29,Basse-Normandie,227.07643087057414,14,16.121349787254577,0.8684136368698048,-0.5283376793603152,DrivAge_band,Region_grp
27-29,Bourgogne,244.64928512613218,14,18.623337328302018,0.7517449613461117,-1.0713387826208767,DrivAge_band,Region_grp
27-29,Bretagne,953.3212800359308,74,71.01139028038622,1.042086342878422,0.3546542730455253,DrivAge_band,Region_grp
27-29,Centre,3749.749809866008,272,259.2477268634121,1.0491895272945118,0.7920090198471602,DrivAge_band,Region_grp
27-29,Haute-Normandie,125.54831125084213,9,8.993888566122777,1.0006795096283763,0.002037836637897457,DrivAge_band,Region_grp
27-29,Ile-de-France,1417.942918631634,136,130.76181815582137,1.0400589554202786,0.45807869736461704,DrivAge_band,Region_grp
27-29,Languedoc-Roussillon,527.7901369863014,43,38.0124940324393,1.1312070174428555,0.808947329856575,DrivAge_band,Region_grp
27-29,Lorraine,226.04010704394042,16,15.587349070787642,1.0264734514726246,0.10451934916385977,DrivAge_band,Region_grp
27-29,Midi-Pyrenees,312.4110884048207,23,19.337954768295003,1.1893708655120552,0.832757272602449,DrivAge_band,Region_grp
27-29,"Nord-Est small (Als, Ch-Ard, F-Comte)",137.89191780821918,8,10.78406219485,0.7418354842037589,-0.8477889292035315,DrivAge_band,Region_grp
27-29,Nord-Pas-de-Calais,765.7288067969159,57,67.62604994197422,0.8428704626236224,-1.2921556839331292,DrivAge_band,Region_grp
27-29,PACA + Corse,1292.0086623250243,105,112.34203838708298,0.9346456723369623,-0.6927004998294876,DrivAge_band,Region_grp
27-29,Pays-de-la-Loire,747.6594767572423,56,58.41926574249427,0.9585878783010021,-0.3165231861181563,DrivAge_band,Region_grp
27-29,Picardie,226.15835616438355,23,21.0120119000666,1.0946119823931328,0.433690552247402,DrivAge_band,Region_grp
27-29,Poitou-Charentes,447.0220495546074,31,35.951846301020815,0.8622644784482122,-0.8258602381247043,DrivAge_band,Region_grp
27-29,Rhone-Alpes,1808.0645227936222,185,173.35347037959104,1.067183711955155,0.8845660468810326,DrivAge_band,Region_grp
30-34,Aquitaine,1301.5843783217306,87,91.03801624691296,0.9556447249909196,-0.42321072897902684,DrivAge_band,Region_grp
30-34,Auvergne + Limousin,389.5938902612471,24,25.342414972230475,0.9470289246821403,-0.26666301693681305,DrivAge_band,Region_grp
30-34,Basse-Normandie,531.6655790104049,42,34.94638490358448,1.2018410521110017,1.193192814362605,DrivAge_band,Region_grp
30-34,Bourgogne,447.77303840107794,27,30.045207033306244,0.8986458296016893,-0.5555577670700459,DrivAge_band,Region_grp
30-34,Bretagne,2167.282727000524,133,134.7685150033028,0.9868773874724414,-0.1523402019741236,DrivAge_band,Region_grp
30-34,Centre,8265.46118122614,502,481.8333083226242,1.041854083827415,0.9187265120733806,DrivAge_band,Region_grp
30-34,Haute-Normandie,342.0810584624598,26,22.976393196587544,1.1315962334706877,0.6307893997408528,DrivAge_band,Region_grp
30-34,Ile-de-France,2901.0446515457743,254,238.41046449761942,1.0653894766541854,1.0096492300707756,DrivAge_band,Region_grp
30-34,Languedoc-Roussillon,1205.7825825286325,92,78.93465089781566,1.1655210855255191,1.470574978082865,DrivAge_band,Region_grp
30-34,Lorraine,457.87379070289694,28,26.208521615693066,1.0683548049972509,0.3499373595603799,DrivAge_band,Region_grp
30-34,Midi-Pyrenees,719.3729912418594,32,39.33637684954203,0.8134963756930897,-1.1697268363686029,DrivAge_band,Region_grp
30-34,"Nord-Est small (Als, Ch-Ard, F-Comte)",348.6129388427278,27,24.400711780133264,1.1065250982548402,0.5262028439812475,DrivAge_band,Region_grp
30-34,Nord-Pas-de-Calais,1406.5878875664346,109,113.3456721921029,0.9616600077615873,-0.40818260388692573,DrivAge_band,Region_grp
30-34,PACA + Corse,2883.2020218579237,199,224.84413850679357,0.885057539509696,-1.7235396337836462,DrivAge_band,Region_grp
30-34,Pays-de-la-Loire,1901.841479152631,123,126.58586220802752,0.9716724905492635,-0.31871389299328995,DrivAge_band,Region_grp
30-34,Picardie,397.2983658956509,34,33.257805650411875,1.0223163956572985,0.12869771855017412,DrivAge_band,Region_grp
30-34,Poitou-Charentes,1040.5349861516581,70,69.95971821681334,1.000575785383552,0.0048159798569229395,DrivAge_band,Region_grp
30-34,Rhone-Alpes,4275.875371659556,350,362.5539111364435,0.9653736706436495,-0.6593146909639193,DrivAge_band,Region_grp
35-44,Aquitaine,2735.362823564638,191,195.14225857483206,0.978773133994226,-0.29652515530596774,DrivAge_band,Region_grp
35-44,Auvergne + Limousin,973.8069660902762,56,63.45867574498469,0.8824640499124476,-0.9363025900219211,DrivAge_band,Region_grp
35-44,Basse-Normandie,1153.425770641515,67,72.72439488191765,0.9212864556492725,-0.6712580803378849,DrivAge_band,Region_grp
35-44,Bourgogne,839.3540272475485,53,52.99130364357756,1.0001641091240354,0.0011946344356271426,DrivAge_band,Region_grp
35-44,Bretagne,5166.214106594805,336,328.72987484113906,1.0221158030202586,0.40097962036242635,DrivAge_band,Region_grp
35-44,Centre,18328.52701624373,1081,1063.9663762616683,1.0160095507887954,0.5222074916697874,DrivAge_band,Region_grp
35-44,Haute-Normandie,695.6938356164384,49,47.67208077865536,1.0278552813230506,0.1923267102740571,DrivAge_band,Region_grp
35-44,Ile-de-France,6473.984554233101,515,555.5749426744842,0.9269676517822054,-1.721418990925795,DrivAge_band,Region_grp
35-44,Languedoc-Roussillon,2757.8742188786587,168,181.69838109282807,0.9246092287094749,-1.0162339868454777,DrivAge_band,Region_grp
35-44,Lorraine,1323.217496818624,80,70.77120452671774,1.1304032556037418,1.0970255124731976,DrivAge_band,Region_grp
35-44,Midi-Pyrenees,1486.1524530279212,80,75.50284612588202,1.0595627066378412,0.5175544965598512,DrivAge_band,Region_grp
35-44,"Nord-Est small (Als, Ch-Ard, F-Comte)",638.8038752900666,47,42.097521485720996,1.1164552767302909,0.7555921466271778,DrivAge_band,Region_grp
35-44,Nord-Pas-de-Calais,2429.473917209372,180,178.998484581839,1.0055951055703105,0.07485709381818538,DrivAge_band,Region_grp
35-44,PACA + Corse,7535.9203997305185,625,609.389928845774,1.0256158994681657,0.6323495974360769,DrivAge_band,Region_grp
35-44,Pays-de-la-Loire,5073.750485066247,333,335.28936505391107,0.9931719723542589,-0.12502738851666959,DrivAge_band,Region_grp
35-44,Picardie,758.1621468672805,58,61.99229660060139,0.9356001177642665,-0.5070536765756155,DrivAge_band,Region_grp
35-44,Poitou-Charentes,2146.0933745040797,156,153.64099450525018,1.015354010837708,0.1903160422365943,DrivAge_band,Region_grp
35-44,Rhone-Alpes,9310.285956284153,850,834.370396964316,1.0187322118480582,0.5410887498049526,DrivAge_band,Region_grp
45-54,Aquitaine,2609.5992349726776,210,196.177953105063,1.0704566781137461,0.9868411771656461,DrivAge_band,Region_grp
45-54,Auvergne + Limousin,1033.5694295980238,75,73.48292367994644,1.020645290689047,0.17697593515779408,DrivAge_band,Region_grp
45-54,Basse-Normandie,1527.5612575791602,110,106.90289694265378,1.0289711798830634,0.2995442034003714,DrivAge_band,Region_grp
45-54,Bourgogne,1048.896737031215,68,67.68916425089974,1.0045921049925821,0.03778082046907272,DrivAge_band,Region_grp
45-54,Bretagne,5830.117799985029,395,400.29177918263616,0.9867801952030053,-0.26449250995680446,DrivAge_band,Region_grp
45-54,Centre,20499.312019612247,1319,1298.1230978873025,1.0160823747352425,0.5794395249613006,DrivAge_band,Region_grp
45-54,Haute-Normandie,620.4637607605359,41,41.69065596965636,0.9834337946095394,-0.10696517492845535,DrivAge_band,Region_grp
45-54,Ile-de-France,6213.027488584475,542,561.5294968433367,0.9652208887456089,-0.8241471612865552,DrivAge_band,Region_grp
45-54,Languedoc-Roussillon,3218.5535885919603,239,225.12520279192643,1.0616314701153093,0.924729230361712,DrivAge_band,Region_grp
45-54,Lorraine,1647.341195448761,93,96.33426296284523,0.9653886077466414,-0.33971088190236387,DrivAge_band,Region_grp
45-54,Midi-Pyrenees,1283.3168815031065,57,68.4391943425171,0.8328560928805291,-1.3827478572419685,DrivAge_band,Region_grp
45-54,"Nord-Est small (Als, Ch-Ard, F-Comte)",450.5965304289243,33,29.85498442421288,1.1053430653688923,0.575591505658594,DrivAge_band,Region_grp
45-54,Nord-Pas-de-Calais,2026.219212515907,154,160.4334152420291,0.9598997800282212,-0.5079186611802735,DrivAge_band,Region_grp
45-54,PACA + Corse,7427.226693614792,636,625.0954993713817,1.0174445354983106,0.4361467050285743,DrivAge_band,Region_grp
45-54,Pays-de-la-Loire,4596.437899543379,355,333.30303454093024,1.065096813441719,1.1884457550685623,DrivAge_band,Region_grp
45-54,Picardie,604.6192851261322,54,50.12443662979009,1.0773188414831296,0.5474066768674668,DrivAge_band,Region_grp
45-54,Poitou-Charentes,2045.7933745040796,150,155.98280641978886,0.9616444494293325,-0.47903427245733265,DrivAge_band,Region_grp
45-54,Rhone-Alpes,9099.145560296429,844,885.9099503605852,0.9526927648306389,-1.4080638755555273,DrivAge_band,Region_grp
55-64,Aquitaine,1760.2214791526312,109,117.99031085287905,0.9238046684690154,-0.8276591786488735,DrivAge_band,Region_grp
55-64,Auvergne + Limousin,603.814764578187,39,36.93501154770426,1.0559086992467472,0.33978054436269384,DrivAge_band,Region_grp
55-64,Basse-Normandie,881.4821768096415,59,54.582307918629915,1.080936337246052,0.5979563664239913,DrivAge_band,Region_grp
55-64,Bourgogne,672.4565229433341,45,41.6745515458806,1.0797956625989924,0.515127520945302,DrivAge_band,Region_grp
55-64,Bretagne,3715.378034284003,239,221.77151708911205,1.0776857332132748,1.1568955558237326,DrivAge_band,Region_grp
55-64,Centre,12314.466105995958,638,679.4062476146887,0.9390552445461594,-1.5885507971539268,DrivAge_band,Region_grp
55-64,Haute-Normandie,396.954734635826,19,26.157949410177167,0.7263566307153935,-1.3995447094572016,DrivAge_band,Region_grp
55-64,Ile-de-France,3642.6894715173294,279,281.52497312270236,0.9910310865331231,-0.15048676168921787,DrivAge_band,Region_grp
55-64,Languedoc-Roussillon,2000.5207021483643,127,118.249966943891,1.0739960718996298,0.8046540095867162,DrivAge_band,Region_grp
55-64,Lorraine,1068.8847795493675,50,55.37417959368436,0.902947914838321,-0.7222017277744577,DrivAge_band,Region_grp
55-64,Midi-Pyrenees,949.8748940788981,55,43.52275921656092,1.2637066442945524,1.7397197052287758,DrivAge_band,Region_grp
55-64,"Nord-Est small (Als, Ch-Ard, F-Comte)",390.1046575342466,23,23.623838109445966,0.9735928553795615,-0.1283502363686198,DrivAge_band,Region_grp
55-64,Nord-Pas-de-Calais,1012.0712029343514,76,69.8910360269999,1.0874069740594505,0.7307298102021962,DrivAge_band,Region_grp
55-64,PACA + Corse,5436.826415150835,403,380.730404146841,1.0584917716331632,1.1413098242834046,DrivAge_band,Region_grp
55-64,Pays-de-la-Loire,2438.9225548319487,137,156.1202477371114,0.8775287125517011,-1.5302553240209489,DrivAge_band,Region_grp
55-64,Picardie,356.0257459390673,16,23.122279665026095,0.6919732929362068,-1.481165875925247,DrivAge_band,Region_grp
55-64,Poitou-Charentes,1356.7893622277118,96,87.67950511076542,1.094896690836967,0.8885873232914471,DrivAge_band,Region_grp
55-64,Rhone-Alpes,5914.047767796991,495,486.75834668088186,1.0169317144232175,0.3735576533474722,DrivAge_band,Region_grp
65-74,Aquitaine,1111.9578553783965,60,63.45726659829769,0.9455181922634147,-0.4340024586365534,DrivAge_band,Region_grp
65-74,Auvergne + Limousin,263.7837682461262,14,13.131391368082147,1.0661474940141635,0.23970040525713973,DrivAge_band,Region_grp
65-74,Basse-Normandie,489.8546425630661,24,28.157495823491978,0.8523485238334528,-0.7834924348676541,DrivAge_band,Region_grp
65-74,Bourgogne,370.1673598323228,23,19.105001484470975,1.2038732380468526,0.8911150091590798,DrivAge_band,Region_grp
65-74,Bretagne,2159.5357556703348,112,118.06923296683503,0.948595982083327,-0.5585543484457449,DrivAge_band,Region_grp
65-74,Centre,8667.533894752602,393,428.7220805356579,0.9166777682851658,-1.7252372218706775,DrivAge_band,Region_grp
65-74,Haute-Normandie,180.86012201512088,12,10.500105221862906,1.142845690252139,0.46287525845369154,DrivAge_band,Region_grp
65-74,Ile-de-France,1591.111531551763,139,109.96443592722072,1.264045041726002,2.7688800492500594,DrivAge_band,Region_grp
65-74,Languedoc-Roussillon,1046.273982334007,42,54.02206387192275,0.7774601151776607,-1.6356615509892303,DrivAge_band,Region_grp
65-74,Lorraine,1025.0409289617487,53,48.67751428001048,1.0887984069014913,0.6195400275926609,DrivAge_band,Region_grp
65-74,Midi-Pyrenees,444.55737480350325,23,18.80289820922049,1.223215684309845,0.9679147422923797,DrivAge_band,Region_grp
65-74,"Nord-Est small (Als, Ch-Ard, F-Comte)",183.5227397260274,8,9.895670537540612,0.8084343521392391,-0.6026154284902805,DrivAge_band,Region_grp
65-74,Nord-Pas-de-Calais,451.48191032262895,37,28.61705862836166,1.2929351153975766,1.5670538912468825,DrivAge_band,Region_grp
65-74,PACA + Corse,2938.6802387903285,186,187.61531428778002,0.9913902855216695,-0.11792961803785239,DrivAge_band,Region_grp
65-74,Pays-de-la-Loire,1196.5747121790553,80,69.71050912958127,1.1476031519335503,1.2323803326348954,DrivAge_band,Region_grp
65-74,Picardie,171.50381315966763,14,10.289232436143354,1.3606457125821845,1.1568372453780766,DrivAge_band,Region_grp
65-74,Poitou-Charentes,858.8073822890935,41,47.74303916584474,0.8587639311686572,-0.9758895141150397,DrivAge_band,Region_grp
65-74,Rhone-Alpes,2702.078662325024,213,206.7524301972333,1.0302176366043523,0.4344960229511062,DrivAge_band,Region_grp
75+,Aquitaine,610.2218654090875,49,41.14281939445549,1.190973314935324,1.2249538057765164,DrivAge_band,Region_grp
75+,Auvergne + Limousin,81.36,9,5.310372839051514,1.6947962549476077,1.6011055972608372,DrivAge_band,Region_grp
75+,Basse-Normandie,206.76095141851934,12,12.865311234006562,0.9327407461609397,-0.24124715114968273,DrivAge_band,Region_grp
75+,Bourgogne,106.56369863013698,7,6.833888243963865,1.0243070635787548,0.06354281245860105,DrivAge_band,Region_grp
75+,Bretagne,957.2865154577438,44,56.43413303250065,0.779669991114424,-1.6551775256857804,DrivAge_band,Region_grp
75+,Centre,5128.908657085111,275,282.5272405780877,0.9733574696631518,-0.4478222141145471,DrivAge_band,Region_grp
75+,Haute-Normandie,60.51,8,3.5633915007967487,2.245052220114253,2.35027854981293,DrivAge_band,Region_grp
75+,Ile-de-France,591.4920173665694,52,45.4560992813022,1.1439608946249717,0.9706007427365438,DrivAge_band,Region_grp
75+,Languedoc-Roussillon,379.09282431319707,21,23.167466424446495,0.9064435279742385,-0.4503115720315275,DrivAge_band,Region_grp
75+,Lorraine,418.55,25,22.41734390605516,1.1152079436693318,0.5454745619994151,DrivAge_band,Region_grp
75+,Midi-Pyrenees,173.66285425555805,7,8.705352047335916,0.8041030347695356,-0.5779907358450178,DrivAge_band,Region_grp
75+,"Nord-Est small (Als, Ch-Ard, F-Comte)",86.27,2,4.760177102318694,0.42015243488016346,-1.2651015659143816,DrivAge_band,Region_grp
75+,Nord-Pas-de-Calais,227.18547196646455,20,18.10835620840594,1.104462479632246,0.4445287404104024,DrivAge_band,Region_grp
75+,PACA + Corse,1277.0085253387228,87,93.8647434016613,0.9268655817628347,-0.7085541722606101,DrivAge_band,Region_grp
75+,Pays-de-la-Loire,567.6456014671757,35,36.58117509331235,0.9567762629472933,-0.2614274210323431,DrivAge_band,Region_grp
75+,Picardie,54.56366120218579,4,4.452913923901552,0.8982881924866137,-0.21463153041435262,DrivAge_band,Region_grp
75+,Poitou-Charentes,470.72463507747585,35,34.8180055422974,1.0052270213318655,0.03084297185247868,DrivAge_band,Region_grp
75+,Rhone-Alpes,1212.3492926117224,119,109.64926083689367,1.0852786338160165,0.8929827887477049,DrivAge_band,Region_grp
